State,Year,Teachers,Students
Alabama,1970,33026,805205
Alaska,1970,3821,79845
Arizona,1970,18772,439524
Arkansas,1970,21122,463320
California,1970,193000,4633198
Colorado,1970,24450,550060
Connecticut,1970,31323,662205
Delaware,1970,6034,132745
District of Columbia,1970,7486,145704
Florida,1970,62419,1427896
Georgia,1970,44007,1098901
Hawaii,1970,7985,180641
Idaho,1970,8047,182333
Illinois,1970,111827,2356636
Indiana,1970,50421,1231458
Iowa,1970,32659,660104
Kansas,1970,25884,513394
Kentucky,1970,30180,717205
Louisiana,1970,36469,842365
Maine,1970,11170,244670
Maryland,1970,40810,916244
Massachusetts,1970,55300,1167713
Michigan,1970,93000,2152256
Minnesota,1970,43809,920839
Mississippi,1970,22533,534395
Missouri,1970,48286,1039477
Montana,1970,8406,176712
Nebraska,1970,17230,329110
Nevada,1970,4967,127550
New Hampshire,1970,7441,158756
New Jersey,1970,72140,1482000
New Mexico,1970,11620,281372
New York,1970,177066,3489245
North Carolina,1970,49565,1192187
North Dakota,1970,7659,147013
Ohio,1970,104680,2425643
Oklahoma,1970,28184,626956
Oregon,1970,21641,479527
Pennsylvania,1970,108772,2363817
Rhode Island,1970,8988,188090
South Carolina,1970,28578,637800
South Dakota,1970,8698,166305
Tennessee,1970,35450,899893
Texas,1970,129440,2839900
Utah,1970,11736,304002
Vermont,1970,5750,103130
Virginia,1970,47903,1078754
Washington,1970,33380,817712
West Virginia,1970,16582,399531
Wisconsin,1970,44460,993736
Wyoming,1970,4568,86886
Alabama,1971,33172,806315
Alaska,1971,4087,84381
Arizona,1971,19010,464478
Arkansas,1971,20305,461260
California,1971,199178,4601550
Colorado,1971,24593,564502
Connecticut,1971,33909,666867
Delaware,1971,6220,135013
District of Columbia,1971,6529,142512
Florida,1971,63245,1478504
Georgia,1971,44732,1093407
Hawaii,1971,8235,183654
Idaho,1971,8024,185114
Illinois,1971,110000,2379646
Indiana,1971,52297,1230796
Iowa,1971,32494,652958
Kansas,1971,24743,505267
Kentucky,1971,31020,720309
Louisiana,1971,37203,851074
Maine,1971,11400,246406
Maryland,1971,41998,922051
Massachusetts,1971,54763,1191179
Michigan,1971,89236,2182885
Minnesota,1971,44535,913955
Mississippi,1971,22849,529366
Missouri,1971,43872,1023374
Montana,1971,8480,178367
Nebraska,1971,16642,332375
Nevada,1971,5329,130186
New Hampshire,1971,7450,164102
New Jersey,1971,76260,1497841
New Mexico,1971,12272,284948
New York,1971,180071,3538474
North Carolina,1971,49402,1176308
North Dakota,1971,7490,144419
Ohio,1971,100776,2438743
Oklahoma,1971,27515,625740
Oregon,1971,22831,478502
Pennsylvania,1971,109035,2370665
Rhode Island,1971,9226,190696
South Carolina,1971,25729,648643
South Dakota,1971,8269,165267
Tennessee,1971,36089,897598
Texas,1971,125050,2811700
Utah,1971,12127,305740
Vermont,1971,6169,105340
Virginia,1971,48774,1074073
Washington,1971,33480,805049
West Virginia,1971,17248,403377
Wisconsin,1971,44898,999921
Wyoming,1971,4672,86430
Alabama,1972,33730,783383
Alaska,1972,4142,85332
Arizona,1972,20368,485088
Arkansas,1972,20611,461431
California,1972,198483,4500978
Colorado,1972,25476,574248
Connecticut,1972,34077,664761
Delaware,1972,6220,134317
District of Columbia,1972,6561,139918
Florida,1972,66563,1514359
Georgia,1972,44536,1090280
Hawaii,1972,8310,181979
Idaho,1972,7664,184663
Illinois,1972,109824,2354562
Indiana,1972,52400,1220543
Iowa,1972,32749,646408
Kansas,1972,25360,491765
Kentucky,1972,31465,714632
Louisiana,1972,41837,845841
Maine,1972,12213,250448
Maryland,1972,41681,920896
Massachusetts,1972,60233,1202597
Michigan,1972,89969,2164949
Minnesota,1972,43944,909653
Mississippi,1972,23329,526366
Missouri,1972,45414,1030008
Montana,1972,8875,179877
Nebraska,1972,16999,329192
Nevada,1972,5411,131660
New Hampshire,1972,8564,168094
New Jersey,1972,79347,1510519
New Mexico,1972,12320,285094
New York,1972,185368,3508004
North Carolina,1972,49571,1161326
North Dakota,1972,7454,141535
Ohio,1972,103487,2422654
Oklahoma,1972,27401,607084
Oregon,1972,22216,471395
Pennsylvania,1972,111682,2361285
Rhode Island,1972,9484,189693
South Carolina,1972,26957,623778
South Dakota,1972,8253,162398
Tennessee,1972,36200,891775
Texas,1972,127237,2738131
Utah,1972,12248,305916
Vermont,1972,6192,106517
Virginia,1972,49743,1069345
Washington,1972,32733,790502
West Virginia,1972,17958,409989
Wisconsin,1972,48122,995223
Wyoming,1972,4735,86017
Alabama,1973,34234,770739
Alaska,1973,4046,82505
Arizona,1973,21352,521240
Arkansas,1973,20053,450114
California,1973,200475,4459328
Colorado,1973,26392,573154
Connecticut,1973,34750,667088
Delaware,1973,6280,132940
District of Columbia,1973,6580,136036
Florida,1973,67532,1537952
Georgia,1973,45375,1085881
Hawaii,1973,7877,178511
Idaho,1973,8263,189133
Illinois,1973,110831,2320672
Indiana,1973,52046,1207420
Iowa,1973,32708,631132
Kansas,1973,25529,479344
Kentucky,1973,31412,709764
Louisiana,1973,41884,842152
Maine,1973,11612,245467
Maryland,1973,42793,911097
Massachusetts,1973,66249,1205142
Michigan,1973,91429,2123611
Minnesota,1973,43621,900377
Mississippi,1973,23472,519786
Missouri,1973,46680,1019803
Montana,1973,8903,173559
Nebraska,1973,17289,323211
Nevada,1973,5571,135406
New Hampshire,1973,8675,171482
New Jersey,1973,79156,1481605
New Mexico,1973,12520,283550
New York,1973,186386,3465450
North Carolina,1973,51277,1173415
North Dakota,1973,7569,138302
Ohio,1973,105127,2378349
Oklahoma,1973,27611,600948
Oregon,1973,22250,476518
Pennsylvania,1973,113089,2321437
Rhode Island,1973,9426,184624
South Carolina,1973,26960,626914
South Dakota,1973,8127,157522
Tennessee,1973,37150,902704
Texas,1973,130517,2782151
Utah,1973,12320,305800
Vermont,1973,6262,106236
Virginia,1973,51761,1085295
Washington,1973,32689,788324
West Virginia,1973,18474,409184
Wisconsin,1973,48432,987022
Wyoming,1973,4863,85391
Alabama,1974,35380,764341
Alaska,1974,4090,86576
Arizona,1974,21206,487040
Arkansas,1974,20678,454406
California,1974,202929,4427443
Colorado,1974,26279,568060
Connecticut,1974,35474,660067
Delaware,1974,6349,130616
District of Columbia,1974,6928,131691
Florida,1974,70842,1557054
Georgia,1974,46446,1081485
Hawaii,1974,7806,177030
Idaho,1974,8563,187552
Illinois,1974,112749,2296241
Indiana,1974,49302,1186800
Iowa,1974,32715,617485
Kansas,1974,25573,471460
Kentucky,1974,31755,701373
Louisiana,1974,42132,840742
Maine,1974,12017,250643
Maryland,1974,42802,894209
Massachusetts,1974,67220,1210100
Michigan,1974,90481,2137612
Minnesota,1974,43817,889535
Mississippi,1974,23580,513476
Missouri,1974,47391,1001705
Montana,1974,9015,172158
Nebraska,1974,17367,318792
Nevada,1974,5616,137051
New Hampshire,1974,9360,172117
New Jersey,1974,80448,1466956
New Mexico,1974,12651,282382
New York,1974,188961,3434116
North Carolina,1974,51221,1177860
North Dakota,1974,7577,133241
Ohio,1974,104512,2330150
Oklahoma,1974,28986,596380
Oregon,1974,22300,476583
Pennsylvania,1974,115668,2277451
Rhode Island,1974,9329,178662
South Carolina,1974,27804,627205
South Dakota,1974,8118,153592
Tennessee,1974,39278,872819
Texas,1974,133759,2785296
Utah,1974,12468,306388
Vermont,1974,6224,105376
Virginia,1974,53280,1093309
Washington,1974,33584,785457
West Virginia,1974,18992,404441
Wisconsin,1974,48541,974333
Wyoming,1974,4985,86584
Alabama,1975,36675,759346
Alaska,1975,4577,89295
Arizona,1975,22978,492995
Arkansas,1975,21256,456703
California,1975,205000,4419571
Colorado,1975,28451,568851
Connecticut,1975,35673,652449
Delaware,1975,6335,127476
District of Columbia,1975,6642,129969
Florida,1975,72836,1551373
Georgia,1975,47382,1090292
Hawaii,1975,7860,176430
Idaho,1975,9009,196616
Illinois,1975,113589,2269892
Indiana,1975,53088,1173863
Iowa,1975,33100,612111
Kansas,1975,25668,465355
Kentucky,1975,31962,691612
Louisiana,1975,41054,847202
Maine,1975,12304,250931
Maryland,1975,42378,880927
Massachusetts,1975,64100,1198410
Michigan,1975,89847,2073288
Minnesota,1975,44779,879944
Mississippi,1975,23881,512407
Missouri,1975,49283,965360
Montana,1975,9052,171788
Nebraska,1975,17707,315669
Nevada,1975,5750,139745
New Hampshire,1975,8775,174597
New Jersey,1975,80410,1458000
New Mexico,1975,12883,274612
New York,1975,180880,3417453
North Carolina,1975,52379,1184996
North Dakota,1975,7594,131331
Ohio,1975,105875,2292647
Oklahoma,1975,29762,594816
Oregon,1975,23808,477559
Pennsylvania,1975,116255,2246147
Rhode Island,1975,9196,176317
South Carolina,1975,28695,629729
South Dakota,1975,8083,151217
Tennessee,1975,39855,876926
Texas,1975,143390,2812888
Utah,1975,12521,309708
Vermont,1975,6421,104874
Virginia,1975,58330,1103669
Washington,1975,33698,785449
West Virginia,1975,19590,404119
Wisconsin,1975,51847,964219
Wyoming,1975,5207,88184
Alabama,1976,37259,752507
Alaska,1976,4475,91190
Arizona,1976,23482,502817
Arkansas,1976,21821,460593
California,1976,206563,4380400
Colorado,1976,29259,564087
Connecticut,1976,36299,635000
Delaware,1976,6235,122273
District of Columbia,1976,6057,125848
Florida,1976,73505,1537336
Georgia,1976,46451,1095142
Hawaii,1976,7914,174943
Idaho,1976,9277,200005
Illinois,1976,110500,2238129
Indiana,1976,53089,1163179
Iowa,1976,33334,605127
Kansas,1976,25633,458330
Kentucky,1976,32300,694000
Louisiana,1976,40428,839499
Maine,1976,13230,248822
Maryland,1976,42891,860929
Massachusetts,1976,62982,1169000
Michigan,1976,87999,2035703
Minnesota,1976,45024,862591
Mississippi,1976,24130,510209
Missouri,1976,48563,950142
Montana,1976,9580,170552
Nebraska,1976,17852,312024
Nevada,1976,5995,141791
New Hampshire,1976,9624,175496
New Jersey,1976,80010,1427000
New Mexico,1976,12887,284719
New York,1976,172102,3338809
North Carolina,1976,52906,1191316
North Dakota,1976,7551,129106
Ohio,1976,105588,2249440
Oklahoma,1976,30405,597665
Oregon,1976,23942,474707
Pennsylvania,1976,114425,2193673
Rhode Island,1976,9162,172373
South Carolina,1976,30917,620711
South Dakota,1976,8163,148080
Tennessee,1976,40135,841974
Texas,1976,142400,2822754
Utah,1976,12779,314471
Vermont,1976,6314,104356
Virginia,1976,59538,1100723
Washington,1976,33690,780730
West Virginia,1976,20175,404771
Wisconsin,1976,49366,945337
Wyoming,1976,4991,90587
Alabama,1977,37980,761880
Alaska,1977,4915,90344
Arizona,1977,24189,513817
Arkansas,1977,22463,458778
California,1977,207000,4303665
Colorado,1977,29158,561807
Connecticut,1977,36425,616389
Delaware,1977,6029,118000
District of Columbia,1977,6022,119875
Florida,1977,70598,1535570
Georgia,1977,52920,1089625
Hawaii,1977,7891,172356
Idaho,1977,9561,201433
Illinois,1977,107000,2173352
Indiana,1977,52649,1143722
Iowa,1977,33331,588760
Kansas,1977,25613,446592
Kentucky,1977,32860,697000
Louisiana,1977,40794,839000
Maine,1977,13425,245768
Maryland,1977,42637,836912
Massachusetts,1977,66224,1116810
Michigan,1977,87452,1968975
Minnesota,1977,44631,836420
Mississippi,1977,24831,502025
Missouri,1977,49618,931232
Montana,1977,9650,168732
Nebraska,1977,17943,306207
Nevada,1977,6391,143444
New Hampshire,1977,9600,174618
New Jersey,1977,78701,1381528
New Mexico,1977,13832,281896
New York,1977,174991,3222612
North Carolina,1977,53836,1181831
North Dakota,1977,7389,125085
Ohio,1977,105286,2181979
Oklahoma,1977,31177,594468
Oregon,1977,24312,473279
Pennsylvania,1977,112956,2128873
Rhode Island,1977,9112,166629
South Carolina,1977,29666,620723
South Dakota,1977,8072,143630
Tennessee,1977,40029,878424
Texas,1977,147544,2842842
Utah,1977,12871,317332
Vermont,1977,6170,102934
Virginia,1977,60082,1082184
Washington,1977,33691,776463
West Virginia,1977,20674,401369
Wisconsin,1977,52940,917863
Wyoming,1977,5541,92321
Alabama,1978,40771,761666
Alaska,1978,5057,90728
Arizona,1978,25654,509830
Arkansas,1978,23112,456698
California,1978,207000,4187967
Colorado,1978,29461,558285
Connecticut,1978,35739,593757
Delaware,1978,6014,111034
District of Columbia,1978,5964,113858
Florida,1978,71856,1513819
Georgia,1978,53000,1093256
Hawaii,1978,7940,170761
Idaho,1978,9830,203022
Illinois,1978,112904,2039430
Indiana,1978,53657,1113331
Iowa,1978,33511,568540
Kansas,1978,26812,433538
Kentucky,1978,32835,692999
Louisiana,1978,41756,816669
Maine,1978,13878,240016
Maryland,1978,42543,809933
Massachusetts,1978,66962,1081464
Michigan,1978,87622,1911345
Minnesota,1978,44488,807716
Mississippi,1978,25685,493710
Missouri,1978,48800,900002
Montana,1978,9682,164326
Nebraska,1978,17731,297796
Nevada,1978,6294,146281
New Hampshire,1978,8874,172389
New Jersey,1978,78000,1337327
New Mexico,1978,13909,279249
New York,1978,158146,3093885
North Carolina,1978,55309,1162810
North Dakota,1978,7381,122021
Ohio,1978,102645,2102440
Oklahoma,1978,32136,588870
Oregon,1978,24579,471374
Pennsylvania,1978,110833,2046746
Rhode Island,1978,9314,161285
South Carolina,1978,30022,624931
South Dakota,1978,8179,138228
Tennessee,1978,41220,873036
Texas,1978,154913,2867254
Utah,1978,13425,325026
Vermont,1978,6480,101292
Virginia,1978,56739,1055238
Washington,1978,34893,769246
West Virginia,1978,19765,395722
Wisconsin,1978,47677,886419
Wyoming,1978,5806,94328
Alabama,1979,31967,754181
Alaska,1979,5130,88573
Arizona,1979,26205,509252
Arkansas,1979,23851,453125
California,1979,194237,4119511
Colorado,1979,29675,550527
Connecticut,1979,35225,566634
Delaware,1979,6021,104035
District of Columbia,1979,5946,106156
Florida,1979,71853,1508337
Georgia,1979,52292,1078462
Hawaii,1979,7207,168660
Idaho,1979,9697,202758
Illinois,1979,107211,2043239
Indiana,1979,53426,1083826
Iowa,1979,32911,548317
Kansas,1979,26184,422924
Kentucky,1979,32959,677123
Louisiana,1979,44688,800435
Maine,1979,10748,227823
Maryland,1979,41738,777725
Massachusetts,1979,69313,1035724
Michigan,1979,86650,1860498
Minnesota,1979,44149,778056
Mississippi,1979,25805,482039
Missouri,1979,48755,872933
Montana,1979,9521,158208
Nebraska,1979,18325,287288
Nevada,1979,6986,147734
New Hampshire,1979,9425,170546
New Jersey,1979,77429,1287809
New Mexico,1979,14144,275572
New York,1979,158621,2969216
North Carolina,1979,56369,1150053
North Dakota,1979,7560,117688
Ohio,1979,101482,2025256
Oklahoma,1979,33210,583458
Oregon,1979,24780,467128
Pennsylvania,1979,111615,1968801
Rhode Island,1979,9255,154699
South Carolina,1979,31658,624795
South Dakota,1979,8122,133840
Tennessee,1979,40978,866117
Texas,1979,153727,2872719
Utah,1979,13974,333049
Vermont,1979,6628,98338
Virginia,1979,56868,1031403
Washington,1979,35498,764879
West Virginia,1979,21387,387966
Wisconsin,1979,48264,857855
Wyoming,1979,5208,95422
Alabama,1980,36172,758721
Alaska,1980,5225,86514
Arizona,1980,25713,513790
Arkansas,1980,24078,447700
California,1980,193846,4076421
Colorado,1980,29840,546033
Connecticut,1980,34584,531459
Delaware,1980,5626,99403
District of Columbia,1980,5238,100049
Florida,1980,73983,1510225
Georgia,1980,56514,1068737
Hawaii,1980,7185,165068
Idaho,1980,9938,203247
Illinois,1980,108064,1983463
Indiana,1980,53099,1055589
Iowa,1980,32745,533857
Kansas,1980,26366,415291
Kentucky,1980,32892,669798
Louisiana,1980,43930,777560
Maine,1980,11775,222497
Maryland,1980,40863,750665
Massachusetts,1980,64987,1021885
Michigan,1980,84377,1797052
Minnesota,1980,44142,754318
Mississippi,1980,25933,477059
Missouri,1980,48878,844648
Montana,1980,9370,155193
Nebraska,1980,16796,280430
Nevada,1980,7129,149481
New Hampshire,1980,8448,167232
New Jersey,1980,76550,1246008
New Mexico,1980,14089,271198
New York,1980,155320,2871724
North Carolina,1980,56222,1129376
North Dakota,1980,7375,116885
Ohio,1980,100527,1957381
Oklahoma,1980,33901,577807
Oregon,1980,22596,464599
Pennsylvania,1980,109928,1909292
Rhode Island,1980,9192,148956
South Carolina,1980,32214,619223
South Dakota,1980,7964,128507
Tennessee,1980,41162,853569
Texas,1980,159531,2900073
Utah,1980,14372,343618
Vermont,1980,6476,95815
Virginia,1980,57027,1010371
Washington,1980,35514,757639
West Virginia,1980,21668,383503
Wisconsin,1980,48491,830247
Wyoming,1980,6361,98305
Alabama,1981,36000,743448
Alaska,1981,5665,90858
Arizona,1981,25601,507199
Arkansas,1981,23497,437121
California,1981,175000,4046156
Colorado,1981,29462,544174
Connecticut,1981,33723,505386
Delaware,1981,5331,95072
District of Columbia,1981,5132,94975
Florida,1981,74872,1487721
Georgia,1981,56217,1056117
Hawaii,1981,7165,162805
Idaho,1981,9798,204524
Illinois,1981,103793,1924084
Indiana,1981,51303,1025172
Iowa,1981,31244,516216
Kansas,1981,26179,409909
Kentucky,1981,31666,658350
Louisiana,1981,39967,782053
Maine,1981,12000,216293
Maryland,1981,39120,721841
Massachusetts,1981,62227,947037
Michigan,1981,78768,1724787
Minnesota,1981,42836,733741
Mississippi,1981,24430,471615
Missouri,1981,48135,818705
Montana,1981,9310,153435
Nebraska,1981,17410,273340
Nevada,1981,7180,151339
New Hampshire,1981,9729,163827
New Jersey,1981,75231,1199643
New Mexico,1981,14296,268091
New York,1981,157201,2783017
North Carolina,1981,55833,1108960
North Dakota,1981,6995,117708
Ohio,1981,96449,1898501
Oklahoma,1981,33904,582572
Oregon,1981,22480,457165
Pennsylvania,1981,107103,1839015
Rhode Island,1981,8895,143414
South Carolina,1981,32007,609158
South Dakota,1981,7964,125657
Tennessee,1981,40875,838297
Texas,1981,159640,2935547
Utah,1981,14463,355554
Vermont,1981,6103,93183
Virginia,1981,55471,989548
Washington,1981,34576,750188
West Virginia,1981,21870,377772
Wisconsin,1981,46652,804262
Wyoming,1981,6634,99541
Alabama,1982,35619,724037
Alaska,1982,5710,89413
Arizona,1982,26190,510296
Arkansas,1982,23713,432565
California,1982,174674,4065486
Colorado,1982,29375,545209
Connecticut,1982,32760,486470
Delaware,1982,5409,92646
District of Columbia,1982,5355,91105
Florida,1982,83301,1484734
Georgia,1982,56510,1053689
Hawaii,1982,7077,162024
Idaho,1982,9790,202973
Illinois,1982,104619,1880289
Indiana,1982,50528,999542
Iowa,1982,32110,504983
Kansas,1982,26056,407074
Kentucky,1982,32237,651084
Louisiana,1982,42697,784027
Maine,1982,12910,211986
Maryland,1982,37760,699201
Massachusetts,1982,56498,908984
Michigan,1982,80364,1674697
Minnesota,1982,39775,715190
Mississippi,1982,25176,468294
Missouri,1982,46047,802535
Montana,1982,9517,152335
Nebraska,1982,17381,269009
Nevada,1982,7222,151104
New Hampshire,1982,9758,160197
New Jersey,1982,74303,1172520
New Mexico,1982,14323,268632
New York,1982,157250,2718678
North Carolina,1982,55261,1096815
North Dakota,1982,7071,117078
Ohio,1982,94126,1860245
Oklahoma,1982,34960,593825
Oregon,1982,24074,448184
Pennsylvania,1982,103855,1783969
Rhode Island,1982,8854,139959
South Carolina,1982,32244,608518
South Dakota,1982,7974,123897
Tennessee,1982,39660,828264
Texas,1982,167835,2985659
Utah,1982,14616,370183
Vermont,1982,6189,91454
Virginia,1982,56038,975727
Washington,1982,34056,739215
West Virginia,1982,22159,375115
Wisconsin,1982,45047,784830
Wyoming,1982,6759,101665
Alabama,1983,35875,721901
Alaska,1983,6259,98206
Arizona,1983,26268,506682
Arkansas,1983,23696,432120
California,1983,174290,4089017
Colorado,1983,28417,542196
Connecticut,1983,32317,477585
Delaware,1983,5429,91406
District of Columbia,1983,5569,88843
Florida,1983,85028,1495543
Georgia,1983,56555,1050859
Hawaii,1983,7007,162241
Idaho,1983,9847,206352
Illinois,1983,102130,1853316
Indiana,1983,50509,984384
Iowa,1983,31779,497287
Kansas,1983,26096,405222
Kentucky,1983,32458,647414
Louisiana,1983,42200,800193
Maine,1983,13492,209753
Maryland,1983,37275,683491
Massachusetts,1983,56873,878844
Michigan,1983,79982,1635963
Minnesota,1983,39392,705236
Mississippi,1983,24955,467744
Missouri,1983,46761,795453
Montana,1983,9479,153646
Nebraska,1983,17548,266998
Nevada,1983,7366,150442
New Hampshire,1983,9821,159030
New Jersey,1983,73593,1147841
New Mexico,1983,14532,269711
New York,1983,158440,2674818
North Carolina,1983,55126,1089606
North Dakota,1983,7067,117213
Ohio,1983,96927,1827300
Oklahoma,1983,34999,591389
Oregon,1983,24409,447109
Pennsylvania,1983,102207,1737952
Rhode Island,1983,8848,136412
South Carolina,1983,32323,604553
South Dakota,1983,8355,123060
Tennessee,1983,39409,822057
Texas,1983,170439,2989796
Utah,1983,15245,378208
Vermont,1983,6242,90416
Virginia,1983,56388,966110
Washington,1983,34757,736239
West Virginia,1983,22503,371251
Wisconsin,1983,45311,774646
Wyoming,1983,7028,99254
Alabama,1984,36647,712586
Alaska,1984,6127,104599
Arizona,1984,26900,530062
Arkansas,1984,23985,432668
California,1984,178310,4151110
Colorado,1984,28824,545427
Connecticut,1984,32618,468145
Delaware,1984,5577,91767
District of Columbia,1984,5889,87397
Florida,1984,86264,1524107
Georgia,1984,56294,1062315
Hawaii,1984,7078,163860
Idaho,1984,10147,208080
Illinois,1984,102013,1834355
Indiana,1984,51308,972659
Iowa,1984,31882,491011
Kansas,1984,26331,405347
Kentucky,1984,32850,644421
Louisiana,1984,42180,800941
Maine,1984,13261,207537
Maryland,1984,38030,673840
Massachusetts,1984,56504,859391
Michigan,1984,81185,1609448
Minnesota,1984,40108,701697
Mississippi,1984,25388,466058
Missouri,1984,47366,793793
Montana,1984,9597,154412
Nebraska,1984,17656,265599
Nevada,1984,7496,151633
New Hampshire,1984,10065,158614
New Jersey,1984,73774,1129223
New Mexico,1984,14538,272478
New York,1984,163044,2645811
North Carolina,1984,56084,1088724
North Dakota,1984,7794,118711
Ohio,1984,98061,1805440
Oklahoma,1984,34894,589690
Oregon,1984,24444,446884
Pennsylvania,1984,101484,1701880
Rhode Island,1984,8752,134610
South Carolina,1984,33764,602718
South Dakota,1984,8579,123314
Tennessee,1984,39636,817212
Texas,1984,172865,3040305
Utah,1984,15821,390141
Vermont,1984,6327,90089
Virginia,1984,57498,965222
Washington,1984,35706,741177
West Virginia,1984,22732,362941
Wisconsin,1984,47082,767542
Wyoming,1984,7191,101261
Alabama,1985,36138,730460
Alaska,1985,6814,107345
Arizona,1985,27935,548252
Arkansas,1985,24767,433410
California,1985,184151,4255554
Colorado,1985,29894,550642
Connecticut,1985,32903,462026
Delaware,1985,5745,92901
District of Columbia,1985,6137,87092
Florida,1985,88973,1562283
Georgia,1985,57374,1079594
Hawaii,1985,7276,164169
Idaho,1985,10255,208669
Illinois,1985,102657,1826478
Indiana,1985,51976,966106
Iowa,1985,31770,485332
Kansas,1985,26686,410229
Kentucky,1985,33506,643833
Louisiana,1985,42609,788349
Maine,1985,14226,206101
Maryland,1985,38433,671560
Massachusetts,1985,56845,844330
Michigan,1985,82193,1602747
Minnesota,1985,41314,705140
Mississippi,1985,26102,471195
Missouri,1985,48170,795107
Montana,1985,9705,153869
Nebraska,1985,17687,265819
Nevada,1985,7751,154948
New Hampshire,1985,10104,160974
New Jersey,1985,74236,1116194
New Mexico,1985,14781,277551
New York,1985,165573,2621378
North Carolina,1985,57638,1086165
North Dakota,1985,7796,118570
Ohio,1985,98264,1793965
Oklahoma,1985,35752,592327
Oregon,1985,24605,447527
Pennsylvania,1985,101665,1683221
Rhode Island,1985,8844,133949
South Carolina,1985,34645,606643
South Dakota,1985,8340,124291
Tennessee,1985,40023,813753
Texas,1985,181051,3131705
Utah,1985,16229,403305
Vermont,1985,6397,90157
Virginia,1985,57339,968104
Washington,1985,36202,749706
West Virginia,1985,22733,357923
Wisconsin,1985,46482,768234
Wyoming,1985,7296,102779
Alabama,1986,36971,733735
Alaska,1986,6448,107848
Arizona,1986,29104,534538
Arkansas,1986,24944,437438
California,1986,190484,4377989
Colorado,1986,30704,558415
Connecticut,1986,34252,468847
Delaware,1986,5883,94410
District of Columbia,1986,5984,85612
Florida,1986,91969,1607320
Georgia,1986,57881,1096425
Hawaii,1986,7291,164640
Idaho,1986,10234,208391
Illinois,1986,104609,1825185
Indiana,1986,52896,966780
Iowa,1986,30958,481286
Kansas,1986,27064,416091
Kentucky,1986,34507,642778
Louisiana,1986,42929,795188
Maine,1986,13685,211752
Maryland,1986,39491,675747
Massachusetts,1986,58066,833918
Michigan,1986,83130,1597154
Minnesota,1986,40957,711134
Mississippi,1986,26219,498639
Missouri,1986,48902,800606
Montana,1986,9818,153327
Nebraska,1986,17748,267139
Nevada,1986,7908,161239
New Hampshire,1986,10300,163717
New Jersey,1986,75558,1107467
New Mexico,1986,14876,281943
New York,1986,168940,2607719
North Carolina,1986,58103,1085248
North Dakota,1986,7779,118703
Ohio,1986,98894,1793508
Oklahoma,1986,35041,593183
Oregon,1986,24615,449307
Pennsylvania,1986,102993,1674161
Rhode Island,1986,8916,134690
South Carolina,1986,35349,611629
South Dakota,1986,8031,125458
Tennessee,1986,41103,818073
Texas,1986,186385,3209515
Utah,1986,16886,415994
Vermont,1986,6397,92112
Virginia,1986,58141,975135
Washington,1986,37065,761428
West Virginia,1986,22931,351837
Wisconsin,1986,47039,767819
Wyoming,1986,7201,100955
Alabama,1987,37716,729234
Alaska,1987,6113,106869
Arizona,1987,30707,572421
Arkansas,1987,25572,437036
California,1987,195864,4488398
Colorado,1987,31168,560236
Connecticut,1987,35050,465465
Delaware,1987,5951,95659
District of Columbia,1987,6232,86435
Florida,1987,95857,1664774
Georgia,1987,62280,1110947
Hawaii,1987,7684,166160
Idaho,1987,10258,212444
Illinois,1987,105217,1811446
Indiana,1987,53749,964129
Iowa,1987,30873,480826
Kansas,1987,27317,421112
Kentucky,1987,35239,642696
Louisiana,1987,42920,793093
Maine,1987,14204,211817
Maryland,1987,40093,683797
Massachusetts,1987,59517,825320
Michigan,1987,79972,1589287
Minnesota,1987,42132,721481
Mississippi,1987,26931,505550
Missouri,1987,49632,802060
Montana,1987,9659,152207
Nebraska,1987,17713,268100
Nevada,1987,8348,168353
New Hampshire,1987,10363,166045
New Jersey,1987,78335,1092982
New Mexico,1987,15175,287229
New York,1987,170236,2594070
North Carolina,1987,59771,1085976
North Dakota,1987,7632,119004
Ohio,1987,99708,1793431
Oklahoma,1987,34515,584212
Oregon,1987,24911,455895
Pennsylvania,1987,103307,1668542
Rhode Island,1987,8934,134800
South Carolina,1987,35701,614921
South Dakota,1987,8172,126817
Tennessee,1987,42082,823783
Texas,1987,187159,3236787
Utah,1987,17124,423386
Vermont,1987,6656,92755
Virginia,1987,59928,979417
Washington,1987,38344,775755
West Virginia,1987,22702,344236
Wisconsin,1987,47721,772363
Wyoming,1987,6798,98455
Alabama,1988,38845,724751
Alaska,1988,6272,106481
Arizona,1988,31617,574890
Arkansas,1988,27730,436387
California,1988,203342,4618120
Colorado,1988,31398,560081
Connecticut,1988,35502,460637
Delaware,1988,5898,96678
District of Columbia,1988,5936,84792
Florida,1988,100370,1720930
Georgia,1988,59916,1107994
Hawaii,1988,8737,167488
Idaho,1988,10425,214615
Illinois,1988,105097,1794916
Indiana,1988,54029,960994
Iowa,1988,30327,478200
Kansas,1988,28122,426596
Kentucky,1988,35788,637627
Louisiana,1988,43203,786683
Maine,1988,14593,212902
Maryland,1988,40899,688947
Massachusetts,1988,60068,823428
Michigan,1988,79847,1582785
Minnesota,1988,42750,726950
Mississippi,1988,27283,503326
Missouri,1988,50693,806639
Montana,1988,9626,152191
Nebraska,1988,18003,269434
Nevada,1988,8699,176474
New Hampshire,1988,10442,169413
New Jersey,1988,79698,1080871
New Mexico,1988,15770,292425
New York,1988,172807,2573715
North Carolina,1988,61933,1083156
North Dakota,1988,7731,118809
Ohio,1988,101021,1778544
Oklahoma,1988,35116,580426
Oregon,1988,25147,461752
Pennsylvania,1988,104379,1659714
Rhode Island,1988,9216,133585
South Carolina,1988,35877,615774
South Dakota,1988,8260,126910
Tennessee,1988,42657,821580
Texas,1988,196616,3283707
Utah,1988,17602,431119
Vermont,1988,6852,93381
Virginia,1988,60883,982393
Washington,1988,38780,790918
West Virginia,1988,22177,335912
Wisconsin,1988,48541,774857
Wyoming,1988,6693,97793
Alabama,1989,39928,723743
Alaska,1989,6492,109280
Arizona,1989,32134,607615
Arkansas,1989,25585,434960
California,1989,212687,4771978
Colorado,1989,31954,562755
Connecticut,1989,34618,461560
Delaware,1989,5982,97808
District of Columbia,1989,6055,81301
Florida,1989,104127,1789925
Georgia,1989,61487,1126535
Hawaii,1989,8866,169493
Idaho,1989,10715,214932
Illinois,1989,106183,1797355
Indiana,1989,54370,954165
Iowa,1989,30423,478486
Kansas,1989,28727,430864
Kentucky,1989,35731,630688
Louisiana,1989,44608,783025
Maine,1989,15206,213775
Maryland,1989,41646,698806
Massachusetts,1989,59040,825588
Michigan,1989,80150,1576785
Minnesota,1989,43101,739553
Mississippi,1989,27591,502020
Missouri,1989,51362,807934
Montana,1989,9627,151265
Nebraska,1989,18464,270920
Nevada,1989,9175,186834
New Hampshire,1989,10572,171696
New Jersey,1989,79597,1076005
New Mexico,1989,16150,296057
New York,1989,174610,2565841
North Carolina,1989,63160,1080744
North Dakota,1989,7809,117816
Ohio,1989,101417,1764410
Oklahoma,1989,35631,578580
Oregon,1989,25630,472394
Pennsylvania,1989,105415,1655279
Rhode Island,1989,9369,135729
South Carolina,1989,36337,616177
South Dakota,1989,8191,127329
Tennessee,1989,42824,819660
Texas,1989,199397,3328514
Utah,1989,17611,438554
Vermont,1989,6852,94779
Virginia,1989,62138,985346
Washington,1989,40279,810232
West Virginia,1989,21653,327540
Wisconsin,1989,49329,782905
Wyoming,1989,6697,97172
Alabama,1990,36266,721806
Alaska,1990,6710,113903
Arizona,1990,32987,639853
Arkansas,1990,25984,436286
California,1990,217228,4950474
Colorado,1990,32342,574213
Connecticut,1990,34785,469123
Delaware,1990,5961,99658
District of Columbia,1990,5950,80694
Florida,1990,108088,1861592
Georgia,1990,63058,1151687
Hawaii,1990,9083,171708
Idaho,1990,11254,220840
Illinois,1990,108775,1821407
Indiana,1990,54806,954525
Iowa,1990,31045,483652
Kansas,1990,29140,437034
Kentucky,1990,36777,636401
Louisiana,1990,45401,784757
Maine,1990,15513,215149
Maryland,1990,42562,715176
Massachusetts,1990,54003,834314
Michigan,1990,80008,1584431
Minnesota,1990,43574,756374
Mississippi,1990,28062,502417
Missouri,1990,52359,816558
Montana,1990,9613,152974
Nebraska,1990,18764,274081
Nevada,1990,10373,201316
New Hampshire,1990,10637,172785
New Jersey,1990,79886,1089646
New Mexico,1990,16703,301881
New York,1990,176390,2598337
North Carolina,1990,64283,1086871
North Dakota,1990,7591,117825
Ohio,1990,103088,1771089
Oklahoma,1990,37221,579087
Oregon,1990,26174,472394
Pennsylvania,1990,100275,1667834
Rhode Island,1990,9522,138813
South Carolina,1990,36963,622112
South Dakota,1990,8511,129164
Tennessee,1990,43051,824595
Texas,1990,219298,3382887
Utah,1990,17884,446652
Vermont,1990,7257,95762
Virginia,1990,63638,998601
Washington,1990,41764,839709
West Virginia,1990,21476,322389
Wisconsin,1990,49302,797621
Wyoming,1990,6784,98226
Alabama,1991,40480,722004
Alaska,1991,7118,118680
Arizona,1991,33978,656980
Arkansas,1991,25785,438518
California,1991,224000,5107145
Colorado,1991,33093,593030
Connecticut,1991,34383,481050
Delaware,1991,6095,102196
District of Columbia,1991,6346,80618
Florida,1991,109939,1932131
Georgia,1991,63816,1177569
Hawaii,1991,9451,174747
Idaho,1991,11626,225680
Illinois,1991,110153,1848166
Indiana,1991,54509,956988
Iowa,1991,31395,491363
Kansas,1991,29324,445390
Kentucky,1991,37571,646024
Louisiana,1991,46170,794128
Maine,1991,15416,216400
Maryland,1991,43616,736238
Massachusetts,1991,55963,846155
Michigan,1991,82967,1593561
Minnesota,1991,44903,773571
Mississippi,1991,28111,504127
Missouri,1991,52643,842965
Montana,1991,9883,155779
Nebraska,1991,19069,279552
Nevada,1991,11409,211810
New Hampshire,1991,11464,177138
New Jersey,1991,80515,1109796
New Mexico,1991,17498,308667
New York,1991,171914,2643993
North Carolina,1991,65326,1097598
North Dakota,1991,7733,118376
Ohio,1991,103372,1783767
Oklahoma,1991,37650,588263
Oregon,1991,26745,498614
Pennsylvania,1991,100475,1692797
Rhode Island,1991,9709,142144
South Carolina,1991,37115,627470
South Dakota,1991,8868,131576
Tennessee,1991,43062,833651
Texas,1991,219192,3464371
Utah,1991,18305,456430
Vermont,1991,7031,97137
Virginia,1991,64537,1016204
Washington,1991,42931,869327
West Virginia,1991,20997,320249
Wisconsin,1991,52028,814671
Wyoming,1991,6564,102074
Alabama,1992,41961,731634
Alaska,1992,7282,122487
Arizona,1992,36076,673477
Arkansas,1992,26017,441490
California,1992,218566,5254844
Colorado,1992,33419,612635
Connecticut,1992,34193,488476
Delaware,1992,6252,104321
District of Columbia,1992,6064,80937
Florida,1992,107590,1981407
Georgia,1992,66942,1207186
Hawaii,1992,10083,177448
Idaho,1992,11827,231668
Illinois,1992,111461,1873567
Indiana,1992,54552,960630
Iowa,1992,31403,494839
Kansas,1992,29753,451536
Kentucky,1992,37868,655041
Louisiana,1992,46904,797985
Maine,1992,15375,216453
Maryland,1992,44495,751850
Massachusetts,1992,57225,859948
Michigan,1992,82301,1603610
Minnesota,1992,45050,793724
Mississippi,1992,27829,506668
Missouri,1992,52984,859357
Montana,1992,10135,160011
Nebraska,1992,19323,282414
Nevada,1992,11953,222974
New Hampshire,1992,11654,181247
New Jersey,1992,83057,1130560
New Mexico,1992,17912,315668
New York,1992,176375,2689686
North Carolina,1992,66630,1114083
North Dakota,1992,7794,118734
Ohio,1992,106233,1795199
Oklahoma,1992,38433,597096
Oregon,1992,26634,510122
Pennsylvania,1992,100912,1717613
Rhode Island,1992,10069,143798
South Carolina,1992,37295,640464
South Dakota,1992,8767,134573
Tennessee,1992,43566,855231
Texas,1992,219385,3541769
Utah,1992,19191,463870
Vermont,1992,7521,98558
Virginia,1992,68181,1031925
Washington,1992,44295,896475
West Virginia,1992,20961,318296
Wisconsin,1992,53387,829415
Wyoming,1992,5821,100313
Alabama,1993,43003,734288
Alaska,1993,7193,125948
Arizona,1993,37493,709453
Arkansas,1993,26014,444271
California,1993,221787,5327231
Colorado,1993,33661,625062
Connecticut,1993,34526,496298
Delaware,1993,6380,105547
District of Columbia,1993,6056,80678
Florida,1993,110653,2040763
Georgia,1993,74172,1235304
Hawaii,1993,10111,180410
Idaho,1993,12007,236774
Illinois,1993,110874,1893078
Indiana,1993,55107,965633
Iowa,1993,31616,498519
Kansas,1993,30283,457614
Kentucky,1993,37324,655265
Louisiana,1993,46913,800560
Maine,1993,15344,216995
Maryland,1993,44171,772638
Massachusetts,1993,58766,877726
Michigan,1993,80267,1599377
Minnesota,1993,46956,810233
Mississippi,1993,28376,505907
Missouri,1993,54860,866378
Montana,1993,9950,163009
Nebraska,1993,19616,285097
Nevada,1993,12579,235800
New Hampshire,1993,11972,185360
New Jersey,1993,84564,1151307
New Mexico,1993,18404,322292
New York,1993,179413,2733813
North Carolina,1993,69421,1133231
North Dakota,1993,7755,119127
Ohio,1993,107444,1807319
Oklahoma,1993,39031,604076
Oregon,1993,26488,516611
Pennsylvania,1993,101301,1744082
Rhode Island,1993,9823,145676
South Carolina,1993,38620,643696
South Dakota,1993,9557,142825
Tennessee,1993,46066,866557
Texas,1993,224830,3608262
Utah,1993,19053,471365
Vermont,1993,7330,102755
Virginia,1993,70859,1045471
Washington,1993,45524,915952
West Virginia,1993,21029,314383
Wisconsin,1993,52822,844001
Wyoming,1993,6537,100899
Alabama,1994,42791,736531
Alaska,1994,7205,127057
Arizona,1994,38132,737424
Arkansas,1994,26181,447565
California,1994,225016,5407475
Colorado,1994,34894,640521
Connecticut,1994,35316,506824
Delaware,1994,6416,106813
District of Columbia,1994,6110,80450
Florida,1994,110674,2111188
Georgia,1994,77914,1270948
Hawaii,1994,10240,183795
Idaho,1994,12582,240448
Illinois,1994,110830,1916172
Indiana,1994,55496,969022
Iowa,1994,31726,500440
Kansas,1994,30579,460838
Kentucky,1994,38784,657642
Louisiana,1994,47599,797933
Maine,1994,15404,212601
Maryland,1994,46565,790938
Massachusetts,1994,60489,893727
Michigan,1994,80522,1614784
Minnesota,1994,46958,821693
Mississippi,1994,28866,505962
Missouri,1994,56606,878541
Montana,1994,10079,164341
Nebraska,1994,19774,287100
Nevada,1994,13414,250747
New Hampshire,1994,12109,189319
New Jersey,1994,85258,1174206
New Mexico,1994,19025,327248
New York,1994,182273,2766208
North Carolina,1994,71592,1156767
North Dakota,1994,7796,119288
Ohio,1994,109085,1814290
Oklahoma,1994,39406,609718
Oregon,1994,26208,521945
Pennsylvania,1994,102988,1764946
Rhode Island,1994,10066,147487
South Carolina,1994,39437,648725
South Dakota,1994,9985,143482
Tennessee,1994,47406,881425
Texas,1994,234213,3677171
Utah,1994,19524,474675
Vermont,1994,7566,104533
Virginia,1994,72505,1060809
Washington,1994,46439,938314
West Virginia,1994,21024,310511
Wisconsin,1994,54054,860581
Wyoming,1994,6754,100314
Alabama,1995,44056,746149
Alaska,1995,7379,127618
Arizona,1995,38017,743566
Arkansas,1995,26449,453257
California,1995,230849,5536406
Colorado,1995,35388,656279
Connecticut,1995,36070,517935
Delaware,1995,6463,108461
District of Columbia,1995,5305,79802
Florida,1995,114938,2176222
Georgia,1995,79480,1311126
Hawaii,1995,10500,187180
Idaho,1995,12784,243097
Illinois,1995,113538,1943623
Indiana,1995,55821,977263
Iowa,1995,32318,502343
Kansas,1995,30729,463008
Kentucky,1995,39120,659821
Louisiana,1995,46980,797366
Maine,1995,15392,213569
Maryland,1995,47819,805544
Massachusetts,1995,62710,915007
Michigan,1995,83179,1641456
Minnesota,1995,46971,835166
Mississippi,1995,28997,506272
Missouri,1995,57951,889881
Montana,1995,10076,165547
Nebraska,1995,20028,289744
Nevada,1995,13878,265041
New Hampshire,1995,12346,194171
New Jersey,1995,86706,1197381
New Mexico,1995,19398,329640
New York,1995,181559,2813230
North Carolina,1995,73201,1183090
North Dakota,1995,7501,119100
Ohio,1995,107347,1836015
Oklahoma,1995,39364,616393
Oregon,1995,26680,527914
Pennsylvania,1995,104921,1787533
Rhode Island,1995,10482,149799
South Carolina,1995,39922,645586
South Dakota,1995,9641,144685
Tennessee,1995,53403,893770
Texas,1995,240371,3748167
Utah,1995,20039,477121
Vermont,1995,7676,105565
Virginia,1995,74731,1079854
Washington,1995,46907,956572
West Virginia,1995,21073,307112
Wisconsin,1995,55033,870175
Wyoming,1995,6734,99859
Alabama,1996,45035,737386
Alaska,1996,7418,129919
Arizona,1996,40521,790103
Arkansas,1996,26681,456721
California,1996,248818,5513045
Colorado,1996,36398,672437
Connecticut,1996,36551,523912
Delaware,1996,6642,110549
District of Columbia,1996,5288,75067
Florida,1996,120471,2245231
Georgia,1996,81795,1346761
Hawaii,1996,10576,187559
Idaho,1996,13078,245377
Illinois,1996,116274,1968946
Indiana,1996,56708,978232
Iowa,1996,32593,491649
Kansas,1996,30875,458291
Kentucky,1996,39331,618461
Louisiana,1996,47334,794364
Maine,1996,15551,209292
Maryland,1996,47943,805345
Massachusetts,1996,64574,930003
Michigan,1996,88051,1597917
Minnesota,1996,48245,830471
Mississippi,1996,29293,489748
Missouri,1996,59428,890615
Montana,1996,10268,164111
Nebraska,1996,20174,291967
Nevada,1996,14805,281509
New Hampshire,1996,12692,203963
New Jersey,1996,87642,1140777
New Mexico,1996,19971,323511
New York,1996,185104,2689155
North Carolina,1996,75239,1209960
North Dakota,1996,7892,120123
Ohio,1996,108515,1838806
Oklahoma,1996,39568,618452
Oregon,1996,26757,536263
Pennsylvania,1996,106432,1776051
Rhode Island,1996,10656,148097
South Carolina,1996,41463,644411
South Dakota,1996,9625,143331
Tennessee,1996,54790,871742
Texas,1996,247650,3828975
Utah,1996,19734,469256
Vermont,1996,7751,104659
Virginia,1996,74526,1066961
Washington,1996,48307,974504
West Virginia,1996,20888,302929
Wisconsin,1996,54769,879259
Wyoming,1996,6729,99043
Alabama,1997,45967,739321
Alaska,1997,7625,132123
Arizona,1997,41129,808089
Arkansas,1997,26931,456289
California,1997,268535,5634519
Colorado,1997,37840,686152
Connecticut,1997,37658,533467
Delaware,1997,6850,111960
District of Columbia,1997,4388,73504
Florida,1997,124473,2295671
Georgia,1997,86244,1375980
Hawaii,1997,10653,189780
Idaho,1997,13207,244510
Illinois,1997,118734,1990513
Indiana,1997,57371,978232
Iowa,1997,32700,488307
Kansas,1997,31527,461073
Kentucky,1997,40488,653628
Louisiana,1997,48599,758374
Maine,1997,15700,208251
Maryland,1997,48318,817013
Massachusetts,1997,67170,944192
Michigan,1997,90529,1591107
Minnesota,1997,51998,852685
Mississippi,1997,29441,490565
Missouri,1997,60889,900138
Montana,1997,10228,161993
Nebraska,1997,20065,292681
Nevada,1997,16053,295972
New Hampshire,1997,12931,200149
New Jersey,1997,89671,1154565
New Mexico,1997,19647,331673
New York,1997,190874,2706540
North Carolina,1997,77785,1234144
North Dakota,1997,8070,118572
Ohio,1997,110761,1842398
Oklahoma,1997,40215,620329
Oregon,1997,26935,539118
Pennsylvania,1997,108014,1785557
Rhode Island,1997,10598,149950
South Carolina,1997,42336,650570
South Dakota,1997,9282,141708
Tennessee,1997,54142,849303
Texas,1997,254557,3891877
Utah,1997,21115,469890
Vermont,1997,7909,104529
Virginia,1997,77575,1080130
Washington,1997,49074,991235
West Virginia,1997,20947,300538
Wisconsin,1997,55732,881780
Wyoming,1997,6677,96778
Alabama,1998,47766,737639
Alaska,1998,8118,135374
Arizona,1998,42352,840203
Arkansas,1998,27953,450545
California,1998,281784,5752817
Colorado,1998,39434,697888
Connecticut,1998,38772,544698
Delaware,1998,7074,113312
District of Columbia,1998,5187,68206
Florida,1998,126796,2337757
Georgia,1998,88658,1401291
Hawaii,1998,10639,187969
Idaho,1998,13426,244722
Illinois,1998,121758,2007737
Indiana,1998,58084,984124
Iowa,1998,32822,488465
Kansas,1998,32003,459997
Kentucky,1998,40803,491667
Louisiana,1998,49124,751508
Maine,1998,15890,205601
Maryland,1998,49840,834506
Massachusetts,1998,69752,963390
Michigan,1998,93220,1603658
Minnesota,1998,54449,856410
Mississippi,1998,31140,487274
Missouri,1998,62449,902950
Montana,1998,10221,159620
Nebraska,1998,20310,291140
Nevada,1998,16415,310538
New Hampshire,1998,13290,204044
New Jersey,1998,92264,1165244
New Mexico,1998,19981,328715
New York,1998,197253,2720703
North Carolina,1998,79531,1254739
North Dakota,1998,7974,114927
Ohio,1998,113984,1844617
Oklahoma,1998,40876,625322
Oregon,1998,27152,540041
Pennsylvania,1998,111065,1786550
Rhode Island,1998,11124,151195
South Carolina,1998,43689,655650
South Dakota,1998,9273,132277
Tennessee,1998,59258,877993
Texas,1998,259739,3945367
Utah,1998,21501,467742
Vermont,1998,8221,104779
Virginia,1998,79323,1091455
Washington,1998,49671,999616
West Virginia,1998,20989,296674
Wisconsin,1998,61176,879542
Wyoming,1998,6713,94988
Alabama,1999,48624,730184
Alaska,1999,7838,134391
Arizona,1999,43892,849259
Arkansas,1999,31362,450085
California,1999,287433,5870624
Colorado,1999,40772,706848
Connecticut,1999,39907,554261
Delaware,1999,7318,113996
District of Columbia,1999,4812,73171
Florida,1999,130336,2381594
Georgia,1999,90638,1422941
Hawaii,1999,10866,185761
Idaho,1999,13641,245331
Illinois,1999,124815,2023866
Indiana,1999,58864,983914
Iowa,1999,33480,487087
Kansas,1999,32969,458143
Kentucky,1999,41954,490639
Louisiana,1999,50031,745071
Maine,1999,16349,208895
Maryland,1999,50995,840516
Massachusetts,1999,77596,967336
Michigan,1999,96094,1606825
Minnesota,1999,56010,855034
Mississippi,1999,30722,485322
Missouri,1999,63890,905090
Montana,1999,10353,157204
Nebraska,1999,20766,288261
Nevada,1999,17380,324900
New Hampshire,1999,14037,206154
New Jersey,1999,95883,1195618
New Mexico,1999,19797,324489
New York,1999,202078,2735181
North Carolina,1999,81914,1275893
North Dakota,1999,8150,112751
Ohio,1999,116200,1843224
Oklahoma,1999,41498,623895
Oregon,1999,27803,542085
Pennsylvania,1999,114525,1787992
Rhode Island,1999,11041,152989
South Carolina,1999,45468,666780
South Dakota,1999,9384,130877
Tennessee,1999,60702,892861
Texas,1999,267935,3991783
Utah,1999,21832,467098
Vermont,1999,8474,104189
Virginia,1999,85037,1110427
Washington,1999,50368,1003714
West Virginia,1999,21082,291198
Wisconsin,1999,60778,877757
Wyoming,1999,6940,92254
Alabama,2000,48194,729156
Alaska,2000,7880,133356
Arizona,2000,44438,874943
Arkansas,2000,31947,448544
California,2000,298021,5972363
Colorado,2000,41983,724508
Connecticut,2000,41044,562179
Delaware,2000,7469,114771
District of Columbia,2000,4949,64757
Florida,2000,132030,2436159
Georgia,2000,91043,1444937
Hawaii,2000,10927,184281
Idaho,2000,13714,245117
Illinois,2000,127620,2044606
Indiana,2000,59226,985152
Iowa,2000,34636,482724
Kansas,2000,32742,456007
Kentucky,2000,39589,488653
Louisiana,2000,49915,736282
Maine,2000,16559,207154
Maryland,2000,52433,847044
Massachusetts,2000,67432,979733
Michigan,2000,97031,1608275
Minnesota,2000,53457,854284
Mississippi,2000,31006,482996
Missouri,2000,64735,903542
Montana,2000,10411,154585
Nebraska,2000,20983,286199
Nevada,2000,18293,339985
New Hampshire,2000,14341,207620
New Jersey,2000,99061,1245009
New Mexico,2000,21042,320303
New York,2000,206961,2734234
North Carolina,2000,83680,1293592
North Dakota,2000,8141,109201
Ohio,2000,118361,1824056
Oklahoma,2000,41318,619722
Oregon,2000,28094,544108
Pennsylvania,2000,116963,1801860
Rhode Island,2000,10645,153897
South Carolina,2000,45380,679724
South Dakota,2000,9396,128445
Tennessee,2000,57164,881402
Texas,2000,274826,4059619
Utah,2000,22008,466405
Vermont,2000,8414,101944
Virginia,2000,86977,1140481
Washington,2000,51098,1004843
West Virginia,2000,20930,285929
Wisconsin,2000,60165,879476
Wyoming,2000,6783,89915
Alabama,2001,46785,726991
Alaska,2001,8026,134358
Arizona,2001,46015,913869
Arkansas,2001,33079,448259
California,2001,304203,6074303
Colorado,2001,44182,742145
Connecticut,2001,41773,570228
Delaware,2001,7571,115563
District of Columbia,2001,4951,71073
Florida,2001,134684,2504916
Georgia,2001,92732,1470634
Hawaii,2001,11007,184432
Idaho,2001,13854,246521
Illinois,2001,129600,2066775
Indiana,2001,59658,992266
Iowa,2001,34906,481123
Kansas,2001,33084,455831
Kentucky,2001,40375,648701
Louisiana,2001,49980,728267
Maine,2001,16741,205289
Maryland,2001,53774,854937
Massachusetts,2001,68942,973467
Michigan,2001,98849,1694815
Minnesota,2001,53081,851384
Mississippi,2001,31213,479311
Missouri,2001,65240,908679
Montana,2001,10408,151692
Nebraska,2001,21083,285095
Nevada,2001,19276,356141
New Hampshire,2001,14677,206144
New Jersey,2001,103611,1263047
New Mexico,2001,21823,320260
New York,2001,209128,2738850
North Carolina,2001,85684,1315363
North Dakota,2001,8035,106047
Ohio,2001,122115,1816350
Oklahoma,2001,41632,618636
Oregon,2001,28262,549121
Pennsylvania,2001,118470,1814804
Rhode Island,2001,11103,158046
South Carolina,2001,46616,674165
South Dakota,2001,9370,127239
Tennessee,2001,58357,881681
Texas,2001,282846,4163447
Utah,2001,22211,469353
Vermont,2001,8554,101086
Virginia,2001,89314,1160828
Washington,2001,52534,1009200
West Virginia,2001,20139,282378
Wisconsin,2001,63310,879361
Wyoming,2001,6663,87897
Alabama,2002,47115,739366
Alaska,2002,8080,134364
Arizona,2002,47101,937755
Arkansas,2002,30330,450985
California,2002,307764,6353667
Colorado,2002,45401,751862
Connecticut,2002,42296,570023
Delaware,2002,7698,116342
District of Columbia,2002,5005,76166
Florida,2002,138226,2539929
Georgia,2002,96044,1496012
Hawaii,2002,10973,183829
Idaho,2002,13896,248604
Illinois,2002,131046,2084187
Indiana,2002,59968,1003875
Iowa,2002,34573,482210
Kansas,2002,32643,470957
Kentucky,2002,40662,660782
Louisiana,2002,50062,730464
Maine,2002,16837,204337
Maryland,2002,55382,866743
Massachusetts,2002,74214,982989
Michigan,2002,89595,1785160
Minnesota,2002,52808,846891
Mississippi,2002,31598,492645
Missouri,2002,66717,906499
Montana,2002,10362,149995
Nebraska,2002,21043,285402
Nevada,2002,20038,369498
New Hampshire,2002,14977,207671
New Jersey,2002,107004,1367438
New Mexico,2002,21172,320234
New York,2002,210926,2888233
North Carolina,2002,87677,1335954
North Dakota,2002,8078,104225
Ohio,2002,125372,1838285
Oklahoma,2002,40638,624548
Oregon,2002,27126,554071
Pennsylvania,2002,118256,1816747
Rhode Island,2002,11196,159205
South Carolina,2002,46529,694389
South Dakota,2002,9257,130048
Tennessee,2002,58652,927608
Texas,2002,288655,4259823
Utah,2002,22415,489262
Vermont,2002,8542,99978
Virginia,2002,99919,1177229
Washington,2002,52953,1014798
West Virginia,2002,20119,282455
Wisconsin,2002,60385,881231
Wyoming,2002,6799,88116
Alabama,2003,58070,731220
Alaska,2003,7808,133933
Arizona,2003,47507,1012068
Arkansas,2003,30876,454523
California,2003,304311,6413867
Colorado,2003,44904,757693
Connecticut,2003,42370,577203
Delaware,2003,7749,117668
District of Columbia,2003,5676,78057
Florida,2003,144955,2587628
Georgia,2003,97150,1522611
Hawaii,2003,11129,183609
Idaho,2003,14049,252120
Illinois,2003,127669,2100961
Indiana,2003,59924,1011130
Iowa,2003,34791,481226
Kansas,2003,32589,470490
Kentucky,2003,41246,663369
Louisiana,2003,50495,727709
Maine,2003,17621,202084
Maryland,2003,55198,869113
Massachusetts,2003,72062,980459
Michigan,2003,97014,1757604
Minnesota,2003,51611,842854
Mississippi,2003,32591,493540
Missouri,2003,65169,905941
Montana,2003,10301,148356
Nebraska,2003,20921,285542
Nevada,2003,20234,385401
New Hampshire,2003,15112,207417
New Jersey,2003,109077,1380753
New Mexico,2003,21569,323066
New York,2003,216116,2864775
North Carolina,2003,89988,1360209
North Dakota,2003,8037,102233
Ohio,2003,121735,1845428
Oklahoma,2003,39253,626160
Oregon,2003,26732,551273
Pennsylvania,2003,119889,1821146
Rhode Island,2003,11918,159375
South Carolina,2003,45830,699198
South Dakota,2003,9245,125537
Tennessee,2003,59584,936682
Texas,2003,289481,4331751
Utah,2003,22147,495981
Vermont,2003,8749,99103
Virginia,2003,90573,1192092
Washington,2003,52824,1021349
West Virginia,2003,20020,281215
Wisconsin,2003,58216,880031
Wyoming,2003,6567,87462
Alabama,2004,51594,730140
Alaska,2004,7756,132970
Arizona,2004,48935,1043298
Arkansas,2004,31234,463115
California,2004,305969,6441557
Colorado,2004,45165,765976
Connecticut,2004,38808,577390
Delaware,2004,7856,119091
District of Columbia,2004,5387,76714
Florida,2004,154864,2639336
Georgia,2004,104987,1553437
Hawaii,2004,11146,183185
Idaho,2004,14269,256084
Illinois,2004,131047,2097503
Indiana,2004,60563,1021348
Iowa,2004,34697,478319
Kansas,2004,32932,469136
Kentucky,2004,41463,674796
Louisiana,2004,49192,724281
Maine,2004,16656,198820
Maryland,2004,55101,865561
Massachusetts,2004,73399,975574
Michigan,2004,100638,1751290
Minnesota,2004,52152,838503
Mississippi,2004,31321,495376
Missouri,2004,65847,905449
Montana,2004,10224,146705
Nebraska,2004,21236,285761
Nevada,2004,20950,400083
New Hampshire,2004,15298,206852
New Jersey,2004,114875,1393347
New Mexico,2004,21730,326102
New York,2004,218612,2836337
North Carolina,2004,92550,1385754
North Dakota,2004,8070,100513
Ohio,2004,118060,1840032
Oklahoma,2004,40416,629476
Oregon,2004,27431,552505
Pennsylvania,2004,121167,1828089
Rhode Island,2004,11781,156498
South Carolina,2004,46914,703736
South Dakota,2004,9064,122798
Tennessee,2004,60022,941091
Texas,2004,294547,4405215
Utah,2004,22287,503607
Vermont,2004,8720,98352
Virginia,2004,93732,1204739
Washington,2004,53125,1020005
West Virginia,2004,19958,280129
Wisconsin,2004,60521,864757
Wyoming,2004,6657,84733
Alabama,2005,57757,741761
Alaska,2005,7912,133288
Arizona,2005,51376,1094454
Arkansas,2005,32997,474206
California,2005,309222,6437202
Colorado,2005,45841,779826
Connecticut,2005,39687,575059
Delaware,2005,7998,120937
District of Columbia,2005,5481,76876
Florida,2005,158962,2675024
Georgia,2005,108535,1598461
Hawaii,2005,11226,182818
Idaho,2005,14521,261982
Illinois,2005,133857,2111706
Indiana,2005,60592,1035074
Iowa,2005,35181,483482
Kansas,2005,33608,467525
Kentucky,2005,42413,679878
Louisiana,2005,44660,654526
Maine,2005,16684,195498
Maryland,2005,56685,860020
Massachusetts,2005,73596,971909
Michigan,2005,98069,1742282
Minnesota,2005,51107,839243
Mississippi,2005,31433,494954
Missouri,2005,67076,917705
Montana,2005,10369,145416
Nebraska,2005,21359,286646
Nevada,2005,21744,412395
New Hampshire,2005,15536,205767
New Jersey,2005,112673,1395602
New Mexico,2005,22021,326758
New York,2005,218989,2815581
North Carolina,2005,95664,1416436
North Dakota,2005,8003,98283
Ohio,2005,117982,1839683
Oklahoma,2005,41833,634739
Oregon,2005,28346,552194
Pennsylvania,2005,122397,1830684
Rhode Island,2005,14180,153422
South Carolina,2005,48212,701544
South Dakota,2005,9129,122012
Tennessee,2005,59596,953928
Texas,2005,302425,4525394
Utah,2005,22993,508430
Vermont,2005,8851,96638
Virginia,2005,103944,1213616
Washington,2005,53508,1031985
West Virginia,2005,19940,280866
Wisconsin,2005,60127,875174
Wyoming,2005,6706,84409
Alabama,2006,56134,743632
Alaska,2006,7903,132608
Arizona,2006,52625,1068249
Arkansas,2006,35089,476409
California,2006,307366,6406750
Colorado,2006,46973,794026
Connecticut,2006,39115,575100
Delaware,2006,8038,122254
District of Columbia,2006,5383,72850
Florida,2006,162851,2671513
Georgia,2006,113597,1629157
Hawaii,2006,11271,180728
Idaho,2006,14770,267380
Illinois,2006,140988,2118276
Indiana,2006,61346,1045940
Iowa,2006,35653,483122
Kansas,2006,35297,469506
Kentucky,2006,43371,683152
Louisiana,2006,45951,675851
Maine,2006,16826,193986
Maryland,2006,58443,851640
Massachusetts,2006,73157,968661
Michigan,2006,98037,1722656
Minnesota,2006,51880,840565
Mississippi,2006,32351,495026
Missouri,2006,67521,920353
Montana,2006,10398,144418
Nebraska,2006,21459,287580
Nevada,2006,22908,424766
New Hampshire,2006,15515,203572
New Jersey,2006,112301,1388850
New Mexico,2006,22016,328220
New York,2006,218879,2809649
North Carolina,2006,112304,1444481
North Dakota,2006,8007,96670
Ohio,2006,110459,1836722
Oklahoma,2006,42206,639391
Oregon,2006,29940,562574
Pennsylvania,2006,123114,1871060
Rhode Island,2006,11381,151612
South Carolina,2006,49284,708021
South Dakota,2006,9070,121158
Tennessee,2006,62176,978368
Texas,2006,311649,4599509
Utah,2006,23640,523386
Vermont,2006,8859,95399
Virginia,2006,79688,1220440
Washington,2006,53743,1026774
West Virginia,2006,19633,281939
Wisconsin,2006,59089,876700
Wyoming,2006,6737,85193
Alabama,2007,50420,744865
Alaska,2007,7613,131029
Arizona,2007,54032,1087447
Arkansas,2007,33882,479016
California,2007,305371,6343471
Colorado,2007,47761,801867
Connecticut,2007,39304,570626
Delaware,2007,8198,122574
District of Columbia,2007,6347,78422
Florida,2007,190615,2666811
Georgia,2007,116857,1649589
Hawaii,2007,11397,179897
Idaho,2007,15013,272119
Illinois,2007,136445,2112805
Indiana,2007,62334,1046766
Iowa,2007,36089,485115
Kansas,2007,35359,468295
Kentucky,2007,43536,666225
Louisiana,2007,48610,681038
Maine,2007,16558,196245
Maryland,2007,59320,845700
Massachusetts,2007,70719,962958
Michigan,2007,96204,1692739
Minnesota,2007,52975,837578
Mississippi,2007,33560,494122
Missouri,2007,68430,917188
Montana,2007,10519,142823
Nebraska,2007,21930,291244
Nevada,2007,23423,429362
New Hampshire,2007,15484,200772
New Jersey,2007,111500,1382348
New Mexico,2007,22300,329040
New York,2007,211854,2765435
North Carolina,2007,106562,1489492
North Dakota,2007,8068,95059
Ohio,2007,109766,1827184
Oklahoma,2007,46709,642065
Oregon,2007,30013,565586
Pennsylvania,2007,135234,1801971
Rhode Island,2007,11271,147629
South Carolina,2007,47368,712317
South Dakota,2007,9416,121606
Tennessee,2007,64659,964259
Texas,2007,321929,4674832
Utah,2007,24336,576244
Vermont,2007,8749,94038
Virginia,2007,71861,1230857
Washington,2007,53960,1030247
West Virginia,2007,20306,282535
Wisconsin,2007,58914,874633
Wyoming,2007,6915,86422
Alabama,2008,47818,745668
Alaska,2008,7927,130662
Arizona,2008,54696,1087817
Arkansas,2008,37162,478965
California,2008,303647,6322528
Colorado,2008,48692,818443
Connecticut,2008,48463,567198
Delaware,2008,8322,125430
District of Columbia,2008,5321,68681
Florida,2008,186361,2631020
Georgia,2008,118839,1655792
Hawaii,2008,11295,179478
Idaho,2008,15148,275051
Illinois,2008,135704,2119707
Indiana,2008,62668,1046147
Iowa,2008,35961,487559
Kansas,2008,35883,471060
Kentucky,2008,43451,670030
Louisiana,2008,49377,684873
Maine,2008,15912,192935
Maryland,2008,58940,843861
Massachusetts,2008,70398,958910
Michigan,2008,94754,1659921
Minnesota,2008,53083,836048
Mississippi,2008,33358,491962
Missouri,2008,68015,917871
Montana,2008,10467,141899
Nebraska,2008,22057,292590
Nevada,2008,21993,433371
New Hampshire,2008,15661,197934
New Jersey,2008,114713,1381420
New Mexico,2008,22825,330245
New York,2008,217944,2740592
North Carolina,2008,109634,1488645
North Dakota,2008,8181,94728
Ohio,2008,112845,1817163
Oklahoma,2008,46571,645108
Oregon,2008,30152,575393
Pennsylvania,2008,129708,1775029
Rhode Island,2008,11316,145342
South Carolina,2008,49941,718113
South Dakota,2008,9244,126429
Tennessee,2008,64926,971950
Texas,2008,327905,4752148
Utah,2008,23657,559778
Vermont,2008,8766,93625
Virginia,2008,71415,1235795
Washington,2008,54428,1037018
West Virginia,2008,20209,282729
Wisconsin,2008,59401,873750
Wyoming,2008,7000,87161
Alabama,2009,47492,748889
Alaska,2009,8083,131661
Arizona,2009,51947,1077831
Arkansas,2009,37240,480559
California,2009,316299,6263438
Colorado,2009,49060,832368
Connecticut,2009,43593,563968
Delaware,2009,8640,126801
District of Columbia,2009,5854,69433
Florida,2009,183827,2634522
Georgia,2009,115918,1667685
Hawaii,2009,11472,180196
Idaho,2009,15201,276299
Illinois,2009,138483,2104175
Indiana,2009,62258,1046661
Iowa,2009,35842,491842
Kansas,2009,34700,474489
Kentucky,2009,41981,680089
Louisiana,2009,49646,690915
Maine,2009,16331,189225
Maryland,2009,58463,848412
Massachusetts,2009,69909,957053
Michigan,2009,92691,1649082
Minnesota,2009,52839,837053
Mississippi,2009,33103,492481
Missouri,2009,67796,917982
Montana,2009,10521,141807
Nebraska,2009,22256,295368
Nevada,2009,22104,428947
New Hampshire,2009,15491,197140
New Jersey,2009,115248,1396029
New Mexico,2009,22724,334419
New York,2009,214804,2766052
North Carolina,2009,105036,1483397
North Dakota,2009,8366,95073
Ohio,2009,111378,1764297
Oklahoma,2009,42615,654802
Oregon,2009,28768,582839
Pennsylvania,2009,130984,1785993
Rhode Island,2009,11366,145118
South Carolina,2009,46980,723143
South Dakota,2009,9326,123713
Tennessee,2009,65361,972549
Texas,2009,333164,4850210
Utah,2009,25615,571586
Vermont,2009,8734,91451
Virginia,2009,70827,1245340
Washington,2009,53448,1035347
West Virginia,2009,20299,282662
Wisconsin,2009,58426,872436
Wyoming,2009,7166,88155
Alabama,2010,49363,755552
Alaska,2010,8171,132104
Arizona,2010,50031,1071751
Arkansas,2010,34273,482114
California,2010,260806,6289578
Colorado,2010,48543,843316
Connecticut,2010,42951,560546
Delaware,2010,8933,129403
District of Columbia,2010,5925,71284
Florida,2010,175609,2643347
Georgia,2010,112460,1677067
Hawaii,2010,11396,179601
Idaho,2010,15673,275859
Illinois,2010,132983,2091654
Indiana,2010,58121,1047232
Iowa,2010,34642,495775
Kansas,2010,34644,483701
Kentucky,2010,42042,673128
Louisiana,2010,48655,696558
Maine,2010,15384,189077
Maryland,2010,58428,852211
Massachusetts,2010,68754,955563
Michigan,2010,88615,1587067
Minnesota,2010,52672,838037
Mississippi,2010,32255,490526
Missouri,2010,66735,918710
Montana,2010,10361,141693
Nebraska,2010,22345,298500
Nevada,2010,21839,437149
New Hampshire,2010,15365,194711
New Jersey,2010,110202,1402548
New Mexico,2010,22437,338122
New York,2010,211606,2734955
North Carolina,2010,98357,1490605
North Dakota,2010,8417,96323
Ohio,2010,109282,1754191
Oklahoma,2010,41278,659911
Oregon,2010,28109,570720
Pennsylvania,2010,129911,1793284
Rhode Island,2010,11212,143793
South Carolina,2010,45210,725838
South Dakota,2010,9512,126128
Tennessee,2010,66558,987422
Texas,2010,334997,4935715
Utah,2010,25677,585552
Vermont,2010,8382,96858
Virginia,2010,70947,1251440
Washington,2010,53934,1043788
West Virginia,2010,20338,282879
Wisconsin,2010,57625,872286
Wyoming,2010,7127,89009
Alabama,2011,47723,744621
Alaska,2011,8088,131167
Arizona,2011,50800,1080319
Arkansas,2011,33983,483114
California,2011,268689,6287834
Colorado,2011,48078,854265
Connecticut,2011,43805,554437
Delaware,2011,8587,128946
District of Columbia,2011,6278,73911
Florida,2011,175006,2668156
Georgia,2011,111133,1685016
Hawaii,2011,11458,182706
Idaho,2011,15990,279873
Illinois,2011,131777,2083097
Indiana,2011,62339,1040765
Iowa,2011,34658,495870
Kansas,2011,37407,486108
Kentucky,2011,41860,681987
Louisiana,2011,48657,703390
Maine,2011,14888,188969
Maryland,2011,57589,854086
Massachusetts,2011,69342,953369
Michigan,2011,86997,1573537
Minnesota,2011,52832,839738
Mississippi,2011,32007,490619
Missouri,2011,66252,916584
Montana,2011,10153,142349
Nebraska,2011,22182,301296
Nevada,2011,21132,439634
New Hampshire,2011,15049,191900
New Jersey,2011,109719,1356431
New Mexico,2011,21957,337225
New York,2011,209527,2704718
North Carolina,2011,97308,1507864
North Dakota,2011,8525,97646
Ohio,2011,107972,1740030
Oklahoma,2011,41349,666120
Oregon,2011,26791,568208
Pennsylvania,2011,124646,1771395
Rhode Island,2011,11414,142854
South Carolina,2011,46782,727186
South Dakota,2011,9247,128016
Tennessee,2011,66382,999693
Texas,2011,324282,5000470
Utah,2011,25970,598832
Vermont,2011,8364,89908
Virginia,2011,90832,1257883
Washington,2011,53119,1045453
West Virginia,2011,20247,282870
Wisconsin,2011,56245,871105
Wyoming,2011,7847,90099