State,Year,Income per Capita,Expenditures per Student
Alabama,1970,18783,3457
Alaska,1970,36030,8822
Arizona,1970,24670,4383
Arkansas,1970,17875,3281
California,1970,30374,5500
Colorado,1970,26086,4783
Connecticut,1970,31546,6086
Delaware,1970,29008,5887
District of Columbia,1970,33291,6531
Florida,1970,25579,4724
Georgia,1970,21639,3992
Hawaii,1970,33510,5780
Idaho,1970,22395,3772
Illinois,1970,28355,5690
Indiana,1970,23432,4529
Iowa,1970,24018,5213
Kansas,1970,24134,4557
Kentucky,1970,19924,3771
Louisiana,1970,19387,4438
Maine,1970,21669,4275
Maryland,1970,29868,5533
Massachusetts,1970,27977,5747
Michigan,1970,25531,5719
Minnesota,1970,25067,5863
Mississippi,1970,16685,3424
Missouri,1970,24048,4101
Montana,1970,22920,4762
Nebraska,1970,23865,5079
Nevada,1970,31631,4609
New Hampshire,1970,24597,4482
New Jersey,1970,30076,6497
New Mexico,1970,20858,4177
New York,1970,30155,8420
North Carolina,1970,20717,3869
North Dakota,1970,20784,4356
Ohio,1970,25256,4494
Oklahoma,1970,22175,3715
Oregon,1970,24707,5646
Pennsylvania,1970,25238,5387
Rhode Island,1970,26238,5326
South Carolina,1970,19692,3701
South Dakota,1970,20717,4475
Tennessee,1970,19955,3591
Texas,1970,23066,3759
Utah,1970,21693,3893
Vermont,1970,22627,5282
Virginia,1970,25427,4509
Washington,1970,26745,5278
West Virginia,1970,19235,4110
Wisconsin,1970,24317,5403
Wyoming,1970,24609,5341
Alabama,1971,19503,3628
Alaska,1971,36481,8971
Arizona,1971,25295,4676
Arkansas,1971,18591,3461
California,1971,30450,5646
Colorado,1971,27031,4979
Connecticut,1971,31525,6289
Delaware,1971,29520,5869
District of Columbia,1971,35832,6707
Florida,1971,26107,4646
Georgia,1971,22291,3792
Hawaii,1971,33459,5598
Idaho,1971,22630,3874
Illinois,1971,28930,5641
Indiana,1971,24149,4663
Iowa,1971,23915,5551
Kansas,1971,25119,4660
Kentucky,1971,20280,3688
Louisiana,1971,19889,4636
Maine,1971,21817,4560
Maryland,1971,30794,5749
Massachusetts,1971,28404,5553
Michigan,1971,26323,5982
Minnesota,1971,25301,6145
Mississippi,1971,17335,3581
Missouri,1971,24611,4445
Montana,1971,22957,4762
Nebraska,1971,24780,5043
Nevada,1971,31823,4975
New Hampshire,1971,24763,4637
New Jersey,1971,30607,6791
New Mexico,1971,21338,4406
New York,1971,30689,8491
North Carolina,1971,21110,3985
North Dakota,1971,22630,4668
Ohio,1971,25558,4604
Oklahoma,1971,22624,3947
Oregon,1971,25295,5984
Pennsylvania,1971,25464,5819
Rhode Island,1971,26247,5568
South Carolina,1971,20111,3823
South Dakota,1971,21578,4563
Tennessee,1971,20654,3705
Texas,1971,23325,4082
Utah,1971,22390,4077
Vermont,1971,22969,5703
Virginia,1971,26364,4758
Washington,1971,26709,5557
West Virginia,1971,19918,4475
Wisconsin,1971,24763,5597
Wyoming,1971,25581,5802
Alabama,1972,20742,3806
Alaska,1972,37493,9101
Arizona,1972,26518,4675
Arkansas,1972,19870,3590
California,1972,32005,6118
Colorado,1972,28393,5170
Connecticut,1972,32849,6609
Delaware,1972,30969,6541
District of Columbia,1972,38076,7205
Florida,1972,27730,4741
Georgia,1972,23738,4489
Hawaii,1972,34548,5488
Idaho,1972,24236,4123
Illinois,1972,30273,6248
Indiana,1972,25363,4736
Iowa,1972,25873,5601
Kansas,1972,27017,5134
Kentucky,1972,21484,3771
Louisiana,1972,20788,4725
Maine,1972,22730,4509
Maryland,1972,32277,5997
Massachusetts,1972,29610,6084
Michigan,1972,28149,6273
Minnesota,1972,26530,6433
Mississippi,1972,18783,3745
Missouri,1972,25754,4635
Montana,1972,25488,5116
Nebraska,1972,26331,5339
Nevada,1972,32742,5107
New Hampshire,1972,25873,4969
New Jersey,1972,31994,7196
New Mexico,1972,22690,4531
New York,1972,31841,8809
North Carolina,1972,22690,4290
North Dakota,1972,25929,4939
Ohio,1972,26835,4954
Oklahoma,1972,23687,4138
Oregon,1972,26886,6320
Pennsylvania,1972,26875,6462
Rhode Island,1972,27356,5986
South Carolina,1972,21416,4239
South Dakota,1972,23919,4773
Tennessee,1972,22073,3849
Texas,1972,24548,4353
Utah,1972,23506,4202
Vermont,1972,24083,5705
Virginia,1972,27911,4991
Washington,1972,27906,5777
West Virginia,1972,21037,4357
Wisconsin,1972,26003,5764
Wyoming,1972,27305,6118
Alabama,1973,21719,4275
Alaska,1973,40047,10327
Arizona,1973,27252,4676
Arkansas,1973,21698,3911
California,1973,32605,6446
Colorado,1973,29422,5507
Connecticut,1973,33655,6734
Delaware,1973,31992,6734
District of Columbia,1973,38272,7933
Florida,1973,28825,5091
Georgia,1973,24726,4333
Hawaii,1973,35020,6389
Idaho,1973,25760,4237
Illinois,1973,31763,6253
Indiana,1973,27210,4856
Iowa,1973,29177,5656
Kansas,1973,28852,5351
Kentucky,1973,22476,3860
Louisiana,1973,21671,4777
Maine,1973,23771,4894
Maryland,1973,33266,6192
Massachusetts,1973,30115,6831
Michigan,1973,29406,6716
Minnesota,1973,29113,6479
Mississippi,1973,19837,3869
Missouri,1973,26794,4784
Montana,1973,27492,5740
Nebraska,1973,28697,5580
Nevada,1973,33559,5228
New Hampshire,1973,26730,4948
New Jersey,1973,32744,7636
New Mexico,1973,23350,4618
New York,1973,32157,9528
North Carolina,1973,23793,4623
North Dakota,1973,34028,5144
Ohio,1973,27956,5091
Oklahoma,1973,24933,4440
Oregon,1973,27940,6450
Pennsylvania,1973,27759,6506
Rhode Island,1973,27455,6283
South Carolina,1973,22369,4321
South Dakota,1973,28351,4911
Tennessee,1973,23286,4072
Texas,1973,25674,4386
Utah,1973,23878,4354
Vermont,1973,24587,5933
Virginia,1973,28932,5190
Washington,1973,29310,6092
West Virginia,1973,21548,4422
Wisconsin,1973,27178,5898
Wyoming,1973,29438,6198
Alabama,1974,21413,4213
Alaska,1974,42400,10736
Arizona,1974,26440,5638
Arkansas,1974,21389,4000
California,1974,32274,6718
Colorado,1974,29153,5760
Connecticut,1974,33004,6889
Delaware,1974,31016,6697
District of Columbia,1974,38098,7957
Florida,1974,27861,5763
Georgia,1974,23996,4635
Hawaii,1974,35207,6100
Idaho,1974,26402,4512
Illinois,1974,31256,6522
Indiana,1974,26090,4849
Iowa,1974,27213,5727
Kansas,1974,28058,5490
Kentucky,1974,22499,3995
Louisiana,1974,21999,4916
Maine,1974,23473,4842
Maryland,1974,32557,6537
Massachusetts,1974,29345,6777
Michigan,1974,28207,6584
Minnesota,1974,28121,6753
Mississippi,1974,19402,3944
Missouri,1974,25754,4852
Montana,1974,26560,6006
Nebraska,1974,26767,5764
Nevada,1974,31942,5178
New Hampshire,1974,26023,5204
New Jersey,1974,32039,7752
New Mexico,1974,23079,4816
New York,1974,31410,9485
North Carolina,1974,23276,4829
North Dakota,1974,30291,5151
Ohio,1974,27578,5135
Oklahoma,1974,24640,4610
Oregon,1974,27991,6739
Pennsylvania,1974,27506,6674
Rhode Island,1974,26584,6701
South Carolina,1974,22258,4479
South Dakota,1974,25581,4911
Tennessee,1974,22844,4487
Texas,1974,25542,4636
Utah,1974,23449,4472
Vermont,1974,23718,6073
Virginia,1974,28476,5316
Washington,1974,29345,6206
West Virginia,1974,21404,4559
Wisconsin,1974,26762,6107
Wyoming,1974,30051,6381
Alabama,1975,21571,4614
Alaska,1975,48154,12091
Arizona,1975,25342,5877
Arkansas,1975,21021,4137
California,1975,32144,6937
Colorado,1975,28932,5941
Connecticut,1975,32408,6322
Delaware,1975,30371,6867
District of Columbia,1975,38506,8062
Florida,1975,27177,5540
Georgia,1975,23459,4682
Hawaii,1975,34436,6566
Idaho,1975,25267,4609
Illinois,1975,31202,6458
Indiana,1975,25791,4941
Iowa,1975,27823,6262
Kansas,1975,27999,4810
Kentucky,1975,22135,4167
Louisiana,1975,22289,4983
Maine,1975,22900,4489
Maryland,1975,32179,6680
Massachusetts,1975,29024,7425
Michigan,1975,27652,6806
Minnesota,1975,27674,6797
Mississippi,1975,19116,3991
Missouri,1975,25782,4933
Montana,1975,26407,6355
Nebraska,1975,27968,5804
Nevada,1975,31779,5464
New Hampshire,1975,25571,5059
New Jersey,1975,31730,7501
New Mexico,1975,23498,5064
New York,1975,31136,9075
North Carolina,1975,22856,4631
North Dakota,1975,28928,5610
Ohio,1975,27009,5253
Oklahoma,1975,24884,4755
Oregon,1975,27920,6996
Pennsylvania,1975,27458,6781
Rhode Island,1975,26600,5379
South Carolina,1975,21761,4413
South Dakota,1975,25848,5387
Tennessee,1975,22517,4064
Texas,1975,26011,5019
Utah,1975,23287,4634
Vermont,1975,23424,5670
Virginia,1975,28254,5320
Washington,1975,29825,6301
West Virginia,1975,21840,4887
Wisconsin,1975,26693,6348
Wyoming,1975,29887,6886
Alabama,1976,22518,4808
Alaska,1976,50244,12833
Arizona,1976,25987,6085
Arkansas,1976,21819,4205
California,1976,33088,7132
Colorado,1976,29565,6426
Connecticut,1976,33051,6665
Delaware,1976,31100,7264
District of Columbia,1976,39345,8563
Florida,1976,27510,5444
Georgia,1976,24302,4940
Hawaii,1976,34332,6983
Idaho,1976,25983,4590
Illinois,1976,31869,6515
Indiana,1976,26973,5105
Iowa,1976,27697,6549
Kansas,1976,28462,5803
Kentucky,1976,22963,4315
Louisiana,1976,23366,4987
Maine,1976,24365,4932
Maryland,1976,32984,6939
Massachusetts,1976,29544,7717
Michigan,1976,29157,6909
Minnesota,1976,28030,7050
Mississippi,1976,20226,4377
Missouri,1976,26520,5111
Montana,1976,26441,6746
Nebraska,1976,27476,6328
Nevada,1976,32747,5525
New Hampshire,1976,26782,5370
New Jersey,1976,32506,8028
New Mexico,1976,24144,5377
New York,1976,31266,8815
North Carolina,1976,23691,4796
North Dakota,1976,26515,5806
Ohio,1976,28038,5460
Oklahoma,1976,25405,5131
Oregon,1976,29174,7184
Pennsylvania,1976,28346,7025
Rhode Island,1976,27360,6802
South Carolina,1976,22647,4573
South Dakota,1976,23957,5283
Tennessee,1976,23412,4875
Texas,1976,26973,5176
Utah,1976,24115,4832
Vermont,1976,24348,5940
Virginia,1976,29036,5545
Washington,1976,30650,6468
West Virginia,1976,22543,5150
Wisconsin,1976,27576,6558
Wyoming,1976,30039,6883
Alabama,1977,23014,5049
Alaska,1977,48660,12910
Arizona,1977,26537,5850
Arkansas,1977,22385,4443
California,1977,33825,7487
Colorado,1977,30232,6898
Connecticut,1977,34173,6904
Delaware,1977,31337,7353
District of Columbia,1977,40544,8805
Florida,1977,28299,5584
Georgia,1977,24803,4785
Hawaii,1977,34345,7190
Idaho,1977,25861,5025
Illinois,1977,32767,6764
Indiana,1977,27849,5218
Iowa,1977,28584,6710
Kansas,1977,28900,5916
Kentucky,1977,23893,4584
Louisiana,1977,24107,5283
Maine,1977,24525,5114
Maryland,1977,33423,7200
Massachusetts,1977,30228,8136
Michigan,1977,30654,7570
Minnesota,1977,29447,7260
Mississippi,1977,20881,4767
Missouri,1977,27459,5300
Montana,1977,26408,6974
Nebraska,1977,27845,6318
Nevada,1977,33962,5888
New Hampshire,1977,27635,5218
New Jersey,1977,33404,8483
New Mexico,1977,24822,5697
New York,1977,31919,9376
North Carolina,1977,24037,5040
North Dakota,1977,25701,6085
Ohio,1977,29103,5645
Oklahoma,1977,26119,5375
Oregon,1977,29795,7392
Pennsylvania,1977,29213,7273
Rhode Island,1977,27978,7334
South Carolina,1977,22858,4902
South Dakota,1977,25435,5400
Tennessee,1977,23940,4847
Texas,1977,27631,5571
Utah,1977,24736,5050
Vermont,1977,24451,6140
Virginia,1977,29795,5396
Washington,1977,31248,7157
West Virginia,1977,23315,5302
Wisconsin,1977,28744,6815
Wyoming,1977,31622,7110
Alabama,1978,23866,5338
Alaska,1978,46418,13429
Arizona,1978,28052,5821
Arkansas,1978,23757,4587
California,1978,35055,7326
Colorado,1978,31588,7318
Connecticut,1978,35298,7068
Delaware,1978,31809,7722
District of Columbia,1978,40882,8685
Florida,1978,29577,5595
Georgia,1978,25787,4885
Hawaii,1978,34928,6995
Idaho,1978,26854,5142
Illinois,1978,33541,7172
Indiana,1978,28651,5569
Iowa,1978,30589,7170
Kansas,1978,29544,6500
Kentucky,1978,24490,4978
Louisiana,1978,25307,5299
Maine,1978,24977,5280
Maryland,1978,34420,7531
Massachusetts,1978,31058,8315
Michigan,1978,31610,8176
Minnesota,1978,30510,7442
Mississippi,1978,21365,5113
Missouri,1978,28273,5551
Montana,1978,28331,7185
Nebraska,1978,29809,6684
Nevada,1978,35966,6012
New Hampshire,1978,28894,5549
New Jersey,1978,34409,8893
New Mexico,1978,25954,5999
New York,1978,32572,9461
North Carolina,1978,24890,5373
North Dakota,1978,29932,6318
Ohio,1978,29845,5913
Oklahoma,1978,27108,5859
Oregon,1978,30873,7867
Pennsylvania,1978,29976,7493
Rhode Island,1978,28495,7786
South Carolina,1978,23590,5031
South Dakota,1978,27224,5734
Tennessee,1978,25010,4976
Texas,1978,28978,5548
Utah,1978,25485,5288
Vermont,1978,25736,6341
Virginia,1978,30971,5610
Washington,1978,32829,7321
West Virginia,1978,23931,5410
Wisconsin,1978,29725,7236
Wyoming,1978,33534,7333
Alabama,1979,23602,4957
Alaska,1979,44279,13912
Arizona,1979,28306,6081
Arkansas,1979,23090,4799
California,1979,35049,7259
Colorado,1979,31625,7362
Connecticut,1979,35587,7065
Delaware,1979,31351,8434
District of Columbia,1979,39639,9166
Florida,1979,29454,5980
Georgia,1979,25414,4861
Hawaii,1979,34370,6802
Idaho,1979,25832,5048
Illinois,1979,33086,7307
Indiana,1979,28202,5569
Iowa,1979,29447,7056
Kansas,1979,30093,6400
Kentucky,1979,24482,5077
Louisiana,1979,25382,5311
Maine,1979,24733,5517
Maryland,1979,33920,7475
Massachusetts,1979,31012,8306
Michigan,1979,30950,8136
Minnesota,1979,30220,7487
Mississippi,1979,21521,5113
Missouri,1979,28182,5621
Montana,1979,27162,7380
Nebraska,1979,28805,6601
Nevada,1979,35228,6221
New Hampshire,1979,29082,5647
New Jersey,1979,34227,9212
New Mexico,1979,25352,6098
New York,1979,32170,9619
North Carolina,1979,24426,5332
North Dakota,1979,27530,6330
Ohio,1979,29597,6176
Oklahoma,1979,27706,5900
Oregon,1979,30513,7865
Pennsylvania,1979,29767,7592
Rhode Island,1979,28486,7630
South Carolina,1979,23386,5208
South Dakota,1979,26898,5806
Tennessee,1979,24632,4966
Texas,1979,29151,5672
Utah,1979,24902,5073
Vermont,1979,25646,6293
Virginia,1979,30764,5948
Washington,1979,32773,7782
West Virginia,1979,23742,5701
Wisconsin,1979,29676,7253
Wyoming,1979,33536,7724
Alabama,1980,22757,5275
Alaska,1980,44347,15817
Arizona,1980,27852,6012
Arkansas,1980,21811,4552
California,1980,34445,7002
Colorado,1980,31472,7207
Connecticut,1980,35542,7788
Delaware,1980,31064,7815
District of Columbia,1980,37576,8474
Florida,1980,29516,6347
Georgia,1980,24664,4539
Hawaii,1980,34120,6875
Idaho,1980,25302,4988
Illinois,1980,31486,6913
Indiana,1980,26770,5166
Iowa,1980,27588,7197
Kansas,1980,28981,6628
Kentucky,1980,23348,4702
Louisiana,1980,25307,6530
Maine,1980,24469,5182
Maryland,1980,33058,7413
Massachusetts,1980,30762,7856
Michigan,1980,29191,8306
Minnesota,1980,29381,7237
Mississippi,1980,20493,4317
Missouri,1980,26919,5589
Montana,1980,26319,7035
Nebraska,1980,27005,6443
Nevada,1980,34319,5530
New Hampshire,1980,28930,5849
New Jersey,1980,33908,8412
New Mexico,1980,24724,5934
New York,1980,31595,9263
North Carolina,1980,23885,5373
North Dakota,1980,23228,6247
Ohio,1980,28467,6090
Oklahoma,1980,27654,5933
Oregon,1980,29257,7992
Pennsylvania,1980,28800,7455
Rhode Island,1980,28303,7625
South Carolina,1980,22837,4667
South Dakota,1980,23773,5414
Tennessee,1980,23762,4812
Texas,1980,28786,5260
Utah,1980,23926,4913
Vermont,1980,25092,6743
Virginia,1980,30380,5815
Washington,1980,31828,6792
West Virginia,1980,22915,5654
Wisconsin,1980,28717,7044
Wyoming,1980,33345,7923
Alabama,1981,22759,4987
Alaska,1981,43905,15785
Arizona,1981,27901,5917
Arkansas,1981,22311,4502
California,1981,34180,6904
Colorado,1981,31875,7179
Connecticut,1981,35927,7953
Delaware,1981,30912,7538
District of Columbia,1981,36659,8580
Florida,1981,29584,6217
Georgia,1981,24816,4873
Hawaii,1981,32979,6803
Idaho,1981,24813,4727
Illinois,1981,31578,6670
Indiana,1981,26662,5420
Iowa,1981,28349,7065
Kansas,1981,29503,6635
Kentucky,1981,23485,4578
Louisiana,1981,25972,6184
Maine,1981,24321,5386
Maryland,1981,32958,7441
Massachusetts,1981,30896,7350
Michigan,1981,28466,7883
Minnesota,1981,29255,7225
Mississippi,1981,20707,4161
Missouri,1981,27165,5457
Montana,1981,26795,7094
Nebraska,1981,28248,6664
Nevada,1981,33424,5819
New Hampshire,1981,29201,5913
New Jersey,1981,34112,8857
New Mexico,1981,24782,6293
New York,1981,31896,9598
North Carolina,1981,24074,5145
North Dakota,1981,27295,6806
Ohio,1981,28079,5977
Oklahoma,1981,28610,6533
Oregon,1981,28274,7706
Pennsylvania,1981,28821,7304
Rhode Island,1981,28417,7163
South Carolina,1981,22876,4689
South Dakota,1981,25092,5674
Tennessee,1981,23785,4623
Texas,1981,29612,5269
Utah,1981,23576,4586
Vermont,1981,25422,6903
Virginia,1981,30357,5768
Washington,1981,31412,6401
West Virginia,1981,22595,6232
Wisconsin,1981,28271,6936
Wyoming,1981,32992,8301
Alabama,1982,22610,5036
Alaska,1982,46970,17168
Arizona,1982,27057,5974
Arkansas,1982,22095,4543
California,1982,33678,6667
Colorado,1982,32029,7225
Connecticut,1982,36422,8627
Delaware,1982,31213,7790
District of Columbia,1982,36989,9155
Florida,1982,29336,6191
Georgia,1982,24953,4943
Hawaii,1982,32272,7340
Idaho,1982,24085,4822
Illinois,1982,31534,6664
Indiana,1982,26037,5495
Iowa,1982,27680,7162
Kansas,1982,29930,6819
Kentucky,1982,23488,4648
Louisiana,1982,25863,5971
Maine,1982,24730,5609
Maryland,1982,33496,7434
Massachusetts,1982,31894,7536
Michigan,1982,27962,7838
Minnesota,1982,29366,7118
Mississippi,1982,20459,4556
Missouri,1982,27357,5416
Montana,1982,26314,7351
Nebraska,1982,28583,6922
Nevada,1982,32385,5921
New Hampshire,1982,29935,6160
New Jersey,1982,34602,9081
New Mexico,1982,24899,6516
New York,1982,32549,9911
North Carolina,1982,24040,4934
North Dakota,1982,27447,6679
Ohio,1982,27742,6066
Oklahoma,1982,29061,6444
Oregon,1982,27332,7757
Pennsylvania,1982,29017,7572
Rhode Island,1982,28706,7958
South Carolina,1982,22708,4670
South Dakota,1982,24975,5783
Tennessee,1982,23729,4673
Texas,1982,29483,6114
Utah,1982,23471,4653
Vermont,1982,25728,7175
Virginia,1982,30646,6069
Washington,1982,31046,7321
West Virginia,1982,22601,6262
Wisconsin,1982,28058,7206
Wyoming,1982,31735,9221
Alabama,1983,23413,4598
Alaska,1983,45581,16756
Arizona,1983,28033,6222
Arkansas,1983,22653,4969
California,1983,34545,7058
Colorado,1983,32584,7439
Connecticut,1983,37466,9050
Delaware,1983,32038,8418
District of Columbia,1983,37482,9927
Florida,1983,30776,6469
Georgia,1983,26170,5205
Hawaii,1983,33834,7332
Idaho,1983,25075,4807
Illinois,1983,31924,6838
Indiana,1983,26529,5878
Iowa,1983,27579,7322
Kansas,1983,30072,7094
Kentucky,1983,23556,4971
Louisiana,1983,25859,5794
Maine,1983,25517,6122
Maryland,1983,34585,8076
Massachusetts,1983,33426,7838
Michigan,1983,29005,7825
Minnesota,1983,29885,7594
Mississippi,1983,20661,4992
Missouri,1983,28200,5872
Montana,1983,26534,7769
Nebraska,1983,28665,7238
Nevada,1983,32580,5911
New Hampshire,1983,31531,6445
New Jersey,1983,36099,9661
New Mexico,1983,25281,6359
New York,1983,33834,10555
North Carolina,1983,25141,5133
North Dakota,1983,27696,6852
Ohio,1983,28547,6569
Oklahoma,1983,28069,6355
Oregon,1983,28231,7845
Pennsylvania,1983,29497,7990
Rhode Island,1983,29937,8473
South Carolina,1983,23718,5168
South Dakota,1983,25117,6076
Tennessee,1983,24471,4704
Texas,1983,29578,6075
Utah,1983,23770,4593
Vermont,1983,26408,7628
Virginia,1983,31710,6356
Washington,1983,31862,7663
West Virginia,1983,22534,6328
Wisconsin,1983,28663,7534
Wyoming,1983,30179,10158
Alabama,1984,24579,5086
Alaska,1984,44176,16443
Arizona,1984,29482,6175
Arkansas,1984,24028,5294
California,1984,36136,7397
Colorado,1984,33701,7803
Connecticut,1984,40013,10306
Delaware,1984,33505,8768
District of Columbia,1984,39193,10112
Florida,1984,31969,6859
Georgia,1984,27903,5639
Hawaii,1984,34247,7253
Idaho,1984,25477,5119
Illinois,1984,33689,7032
Indiana,1984,28199,6315
Iowa,1984,29484,7422
Kansas,1984,31459,7393
Kentucky,1984,25196,4895
Louisiana,1984,26351,6233
Maine,1984,26882,6577
Maryland,1984,36325,8272
Massachusetts,1984,35888,8322
Michigan,1984,30746,8118
Minnesota,1984,32370,7992
Mississippi,1984,21551,5004
Missouri,1984,29782,6046
Montana,1984,26675,7941
Nebraska,1984,30432,7463
Nevada,1984,33231,5968
New Hampshire,1984,33539,6796
New Jersey,1984,38086,9477
New Mexico,1984,26073,6559
New York,1984,35813,10919
North Carolina,1984,26869,5597
North Dakota,1984,28427,7011
Ohio,1984,30220,6945
Oklahoma,1984,28898,6087
Oregon,1984,29226,7954
Pennsylvania,1984,30591,8916
Rhode Island,1984,31448,8899
South Carolina,1984,25037,5883
South Dakota,1984,27083,6259
Tennessee,1984,25955,5118
Texas,1984,30591,6741
Utah,1984,24709,4752
Vermont,1984,27759,7916
Virginia,1984,33354,6716
Washington,1984,32455,7887
West Virginia,1984,23440,6845
Wisconsin,1984,30133,7883
Wyoming,1984,30500,10211
Alabama,1985,25434,5304
Alaska,1985,44500,16768
Arizona,1985,30437,6620
Arkansas,1985,24649,5512
California,1985,36882,7775
Colorado,1985,33974,8064
Connecticut,1985,41196,10209
Delaware,1985,34885,9272
District of Columbia,1985,40028,10278
Florida,1985,33006,7171
Georgia,1985,28914,6072
Hawaii,1985,34810,7711
Idaho,1985,25742,5188
Illinois,1985,34264,7306
Indiana,1985,28736,6492
Iowa,1985,29781,7453
Kansas,1985,31976,7632
Kentucky,1985,25408,4903
Louisiana,1985,26442,6512
Maine,1985,27817,7351
Maryland,1985,37700,8629
Massachusetts,1985,37256,8867
Michigan,1985,32113,8489
Minnesota,1985,32960,8229
Mississippi,1985,21855,4941
Missouri,1985,30630,6301
Montana,1985,26110,8119
Nebraska,1985,31044,7547
Nevada,1985,34020,7030
New Hampshire,1985,35072,7142
New Jersey,1985,39218,11304
New Mexico,1985,26811,6404
New York,1985,36948,11485
North Carolina,1985,27685,6059
North Dakota,1985,28534,7040
Ohio,1985,31006,7182
Oklahoma,1985,29194,6466
Oregon,1985,29539,8171
Pennsylvania,1985,31479,8822
Rhode Island,1985,32423,9360
South Carolina,1985,25656,6196
South Dakota,1985,26825,6386
Tennessee,1985,26697,5382
Texas,1985,31259,6773
Utah,1985,25276,4944
Vermont,1985,28787,8446
Virginia,1985,34458,7234
Washington,1985,32861,7930
West Virginia,1985,23831,7159
Wisconsin,1985,30597,8286
Wyoming,1985,31105,10458
Alabama,1986,26303,5227
Alaska,1986,43124,15400
Arizona,1986,31523,7422
Arkansas,1986,25368,5524
California,1986,37948,8146
Colorado,1986,34360,8238
Connecticut,1986,43247,11123
Delaware,1986,35892,9565
District of Columbia,1986,41047,11128
Florida,1986,34095,7592
Georgia,1986,30354,6411
Hawaii,1986,35866,7566
Idaho,1986,25953,5317
Illinois,1986,35432,7648
Indiana,1986,29780,6940
Iowa,1986,30637,7666
Kansas,1986,32833,7717
Kentucky,1986,25704,5319
Louisiana,1986,25979,6139
Maine,1986,29471,7756
Maryland,1986,39310,9094
Massachusetts,1986,39295,9697
Michigan,1986,33373,8691
Minnesota,1986,34095,8559
Mississippi,1986,22204,4819
Missouri,1986,31542,6787
Montana,1986,26940,8224
Nebraska,1986,31590,7665
Nevada,1986,35041,6871
New Hampshire,1986,37056,7781
New Jersey,1986,40898,11895
New Mexico,1986,26946,6632
New York,1986,38619,12195
North Carolina,1986,28961,6355
North Dakota,1986,28739,6822
Ohio,1986,31885,7363
Oklahoma,1986,28959,6216
Oregon,1986,30462,8398
Pennsylvania,1986,32501,9258
Rhode Island,1986,33911,9754
South Carolina,1986,26592,6406
South Dakota,1986,27596,6339
Tennessee,1986,27922,5721
Texas,1986,30868,6832
Utah,1986,25735,4842
Vermont,1986,30242,8869
Virginia,1986,35889,7630
Washington,1986,34125,7966
West Virginia,1986,24283,7544
Wisconsin,1986,31652,8683
Wyoming,1986,30590,10479
Alabama,1987,26710,5353
Alaska,1987,40295,14751
Arizona,1987,31657,7289
Arkansas,1987,25322,5774
California,1987,38524,8078
Colorado,1987,34161,8080
Connecticut,1987,45296,12304
Delaware,1987,36861,9598
District of Columbia,1987,41806,11797
Florida,1987,34626,7871
Georgia,1987,30888,6656
Hawaii,1987,36332,7628
Idaho,1987,26416,5220
Illinois,1987,36153,7964
Indiana,1987,30398,7198
Iowa,1987,31221,8057
Kansas,1987,32944,7759
Kentucky,1987,26204,5647
Louisiana,1987,25518,6014
Maine,1987,30573,8262
Maryland,1987,40208,9532
Massachusetts,1987,40852,10346
Michigan,1987,33269,9064
Minnesota,1987,34842,8610
Mississippi,1987,22693,5035
Missouri,1987,31854,7137
Montana,1987,26998,8080
Nebraska,1987,32017,7735
Nevada,1987,35430,6872
New Hampshire,1987,38466,8502
New Jersey,1987,42310,12624
New Mexico,1987,26843,6647
New York,1987,39699,12911
North Carolina,1987,29713,6570
North Dakota,1987,28867,6748
Ohio,1987,32144,7490
Oklahoma,1987,28198,6036
Oregon,1987,30742,8888
Pennsylvania,1987,33146,9591
Rhode Island,1987,34694,10260
South Carolina,1987,27195,6548
South Dakota,1987,28025,6399
Tennessee,1987,28750,5949
Texas,1987,30269,6947
Utah,1987,25749,4797
Vermont,1987,31375,10266
Virginia,1987,36628,8070
Washington,1987,34334,8074
West Virginia,1987,24337,7457
Wisconsin,1987,32082,8952
Wyoming,1987,29500,9882
Alabama,1988,27530,6041
Alaska,1988,40147,13887
Arizona,1988,31837,7459
Arkansas,1988,26071,6049
California,1988,39223,8413
Colorado,1988,34689,8305
Connecticut,1988,47606,12964
Delaware,1988,38062,9920
District of Columbia,1988,44555,13782
Florida,1988,35551,8424
Georgia,1988,31777,7234
Hawaii,1988,37900,7685
Idaho,1988,27448,5314
Illinois,1988,37408,8533
Indiana,1988,31121,7869
Iowa,1988,30883,8057
Kansas,1988,33058,8031
Kentucky,1988,27384,6021
Louisiana,1988,26189,6278
Maine,1988,31779,8664
Maryland,1988,41560,10179
Massachusetts,1988,42818,10975
Michigan,1988,33970,9471
Minnesota,1988,34751,9034
Mississippi,1988,23380,5430
Missouri,1988,32280,7681
Montana,1988,26773,7789
Nebraska,1988,32738,8206
Nevada,1988,36826,7128
New Hampshire,1988,39589,8660
New Jersey,1988,44383,13530
New Mexico,1988,26991,6675
New York,1988,41700,13315
North Carolina,1988,30867,7191
North Dakota,1988,25857,7272
Ohio,1988,32978,8420
Oklahoma,1988,28628,6321
Oregon,1988,31681,9200
Pennsylvania,1988,34369,10343
Rhode Island,1988,36477,11201
South Carolina,1988,28120,6884
South Dakota,1988,27960,6748
Tennessee,1988,29769,6498
Texas,1988,30757,7167
Utah,1988,26105,4844
Vermont,1988,32376,10397
Virginia,1988,37820,8454
Washington,1988,35057,8121
West Virginia,1988,25299,7163
Wisconsin,1988,32418,9524
Wyoming,1988,29639,10065
Alabama,1989,28551,6001
Alaska,1989,41648,14464
Arizona,1989,31863,7096
Arkansas,1989,26642,6164
California,1989,39264,8595
Colorado,1989,35656,8317
Connecticut,1989,49134,14245
Delaware,1989,39773,10167
District of Columbia,1989,45758,15026
Florida,1989,36860,8775
Georgia,1989,32193,7635
Hawaii,1989,39857,7884
Idaho,1989,28631,5576
Illinois,1989,37933,8630
Indiana,1989,32168,8151
Iowa,1989,32038,7998
Kansas,1989,33176,8189
Kentucky,1989,28089,6459
Louisiana,1989,26770,6919
Maine,1989,32560,9360
Maryland,1989,42182,10639
Massachusetts,1989,42822,11007
Michigan,1989,34774,9716
Minnesota,1989,35917,8968
Mississippi,1989,24212,5600
Missouri,1989,32873,7770
Montana,1989,28184,8093
Nebraska,1989,33031,8691
Nevada,1989,37391,7284
New Hampshire,1989,39617,9135
New Jersey,1989,45380,14404
New Mexico,1989,27346,6578
New York,1989,42906,13459
North Carolina,1989,31685,7671
North Dakota,1989,28058,7443
Ohio,1989,33755,8649
Oklahoma,1989,29278,6286
Oregon,1989,32699,9286
Pennsylvania,1989,35453,10952
Rhode Island,1989,37756,11278
South Carolina,1989,28816,7195
South Dakota,1989,28776,6702
Tennessee,1989,30292,6499
Texas,1989,31117,7320
Utah,1989,26507,4919
Vermont,1989,33701,11015
Virginia,1989,38464,8952
Washington,1989,36173,8366
West Virginia,1989,25898,7673
Wisconsin,1989,33506,9582
Wyoming,1989,31414,10001
Alabama,1990,28699,6210
Alaska,1990,41646,13586
Arizona,1990,31300,6990
Arkansas,1990,26544,6268
California,1990,39169,8322
Colorado,1990,35646,8335
Connecticut,1990,47909,13668
Delaware,1990,39152,9885
District of Columbia,1990,46451,14541
Florida,1990,36387,8800
Georgia,1990,32283,7555
Hawaii,1990,40724,8729
Idaho,1990,29051,5806
Illinois,1990,38133,8882
Indiana,1990,32091,8309
Iowa,1990,31981,8000
Kansas,1990,33375,8031
Kentucky,1990,28227,7058
Louisiana,1990,27565,6978
Maine,1990,31925,9015
Maryland,1990,41927,10739
Massachusetts,1990,41831,10651
Michigan,1990,34364,9768
Minnesota,1990,35954,8957
Mississippi,1990,24116,5445
Missouri,1990,32462,7735
Montana,1990,28150,8523
Nebraska,1990,33500,8574
Nevada,1990,37662,7776
New Hampshire,1990,37588,9330
New Jersey,1990,45093,14788
New Mexico,1990,27527,6804
New York,1990,43512,13601
North Carolina,1990,31597,7674
North Dakota,1990,29157,7079
Ohio,1990,33853,8597
Oklahoma,1990,29326,6591
Oregon,1990,32908,9408
Pennsylvania,1990,35536,10953
Rhode Island,1990,36641,10746
South Carolina,1990,29103,7261
South Dakota,1990,29920,6748
Tennessee,1990,30411,6376
Texas,1990,31566,7332
Utah,1990,27038,5011
Vermont,1990,32855,11328
Virginia,1990,37905,8992
Washington,1990,36780,8425
West Virginia,1990,26356,8278
Wisconsin,1990,33359,9746
Wyoming,1990,32557,9616
Alabama,1991,28720,5935
Alaska,1991,40286,13646
Arizona,1991,30736,6877
Arkansas,1991,26687,6564
California,1991,37985,8064
Colorado,1991,35446,8071
Connecticut,1991,46283,13242
Delaware,1991,38903,9730
District of Columbia,1991,47648,14603
Florida,1991,35329,8378
Georgia,1991,31769,7167
Hawaii,1991,40488,8797
Idaho,1991,28395,5856
Illinois,1991,37043,8693
Indiana,1991,31355,8253
Iowa,1991,31244,8334
Kansas,1991,32938,7915
Kentucky,1991,28352,7289
Louisiana,1991,27730,6977
Maine,1991,30926,9006
Maryland,1991,41052,10298
Massachusetts,1991,40908,10343
Michigan,1991,33314,9986
Minnesota,1991,35138,8844
Mississippi,1991,24167,5296
Missouri,1991,32321,7446
Montana,1991,28500,8386
Nebraska,1991,33115,8587
Nevada,1991,37158,7900
New Hampshire,1991,37332,9101
New Jersey,1991,43744,15128
New Mexico,1991,27698,6825
New York,1991,41687,13002
North Carolina,1991,31124,7378
North Dakota,1991,28510,7213
Ohio,1991,32919,8890
Oklahoma,1991,28781,6703
Oregon,1991,32352,9156
Pennsylvania,1991,35321,10648
Rhode Island,1991,35357,10587
South Carolina,1991,28533,7104
South Dakota,1991,29695,6844
Tennessee,1991,30224,5962
Texas,1991,31049,7379
Utah,1991,27080,4937
Vermont,1991,31812,10849
Virginia,1991,37333,8540
Washington,1991,36662,8514
West Virginia,1991,26277,8162
Wisconsin,1991,32844,9806
Wyoming,1991,32502,9294
Alabama,1992,29671,6088
Alaska,1992,40489,13593
Arizona,1992,30955,6977
Arkansas,1992,27986,6563
California,1992,38312,8028
Colorado,1992,36426,8172
Connecticut,1992,48550,13352
Delaware,1992,38921,9749
District of Columbia,1992,49618,15748
Florida,1992,35770,8359
Georgia,1992,32755,7390
Hawaii,1992,41690,9641
Idaho,1992,29531,5922
Illinois,1992,38635,9608
Indiana,1992,32715,8556
Iowa,1992,32391,8742
Kansas,1992,34061,8529
Kentucky,1992,29342,7575
Louisiana,1992,28657,7215
Maine,1992,31414,9689
Maryland,1992,41476,10646
Massachusetts,1992,41801,10588
Michigan,1992,34044,10555
Minnesota,1992,36330,8861
Mississippi,1992,25123,5539
Missouri,1992,33249,7525
Montana,1992,28919,8359
Nebraska,1992,33944,8639
Nevada,1992,38658,7901
New Hampshire,1992,37813,9146
New Jersey,1992,45407,15875
New Mexico,1992,28294,7082
New York,1992,42663,14019
North Carolina,1992,32532,7643
North Dakota,1992,30280,7302
Ohio,1992,33853,8711
Oklahoma,1992,29415,6978
Oregon,1992,32979,9487
Pennsylvania,1992,36087,10996
Rhode Island,1992,36055,11300
South Carolina,1992,29180,7165
South Dakota,1992,30908,7046
Tennessee,1992,31692,6395
Texas,1992,32031,7441
Utah,1992,27704,5143
Vermont,1992,32883,10809
Virginia,1992,38010,8800
Washington,1992,37497,8857
West Virginia,1992,27380,8866
Wisconsin,1992,34100,10331
Wyoming,1992,33006,9215
Alabama,1993,29749,6339
Alaska,1993,40703,13334
Arizona,1993,31338,6795
Arkansas,1993,28176,6630
California,1993,37761,7971
Colorado,1993,37227,7861
Connecticut,1993,48804,13459
Delaware,1993,38739,10047
District of Columbia,1993,50883,16286
Florida,1993,36327,8437
Georgia,1993,33120,7518
Hawaii,1993,41553,9095
Idaho,1993,30458,6011
Illinois,1993,38512,9366
Indiana,1993,33187,8712
Iowa,1993,31428,8691
Kansas,1993,34311,8427
Kentucky,1993,29316,7710
Louisiana,1993,29115,7242
Maine,1993,31425,9310
Maryland,1993,41567,10560
Massachusetts,1993,42085,10768
Michigan,1993,34602,10514
Minnesota,1993,35931,8823
Mississippi,1993,25736,5790
Missouri,1993,33493,7731
Montana,1993,29739,8331
Nebraska,1993,33831,8809
Nevada,1993,39105,7704
New Hampshire,1993,37628,8992
New Jersey,1993,45174,16082
New Mexico,1993,28913,6946
New York,1993,42405,14128
North Carolina,1993,33136,7635
North Dakota,1993,29708,7220
Ohio,1993,34055,8818
Oklahoma,1993,29470,7355
Oregon,1993,33628,9104
Pennsylvania,1993,36237,10780
Rhode Island,1993,36607,11416
South Carolina,1993,29502,7183
South Dakota,1993,31053,6842
Tennessee,1993,32298,6449
Texas,1993,32275,7605
Utah,1993,28203,5399
Vermont,1993,32910,10527
Virginia,1993,38331,8802
Washington,1993,37467,8799
West Virginia,1993,27405,8926
Wisconsin,1993,34478,10244
Wyoming,1993,33444,9065
Alabama,1994,30421,6644
Alaska,1994,40742,13098
Arizona,1994,32279,6887
Arkansas,1994,28848,6755
California,1994,37778,7906
Colorado,1994,38110,8205
Connecticut,1994,48891,13716
Delaware,1994,38770,10445
District of Columbia,1994,51769,14975
Florida,1994,36639,8531
Georgia,1994,34052,7791
Hawaii,1994,40969,8974
Idaho,1994,30814,6359
Illinois,1994,39289,9530
Indiana,1994,34130,8751
Iowa,1994,33293,8712
Kansas,1994,34689,8451
Kentucky,1994,29800,7604
Louisiana,1994,30102,7293
Maine,1994,31937,9782
Maryland,1994,42023,10694
Massachusetts,1994,42927,11086
Michigan,1994,36069,10823
Minnesota,1994,37214,9075
Mississippi,1994,26869,6292
Missouri,1994,34310,8003
Montana,1994,29258,8262
Nebraska,1994,34850,8998
Nevada,1994,40033,7620
New Hampshire,1994,38853,8977
New Jersey,1994,45361,15849
New Mexico,1994,29417,7319
New York,1994,42632,14194
North Carolina,1994,33847,7722
North Dakota,1994,31303,7197
Ohio,1994,34904,8939
Oklahoma,1994,29861,7326
Oregon,1994,34542,9078
Pennsylvania,1994,36474,10685
Rhode Island,1994,36752,11662
South Carolina,1994,30249,7279
South Dakota,1994,32299,6940
Tennessee,1994,32985,6628
Texas,1994,32649,7909
Utah,1994,28985,5600
Vermont,1994,33429,10410
Virginia,1994,38870,8915
Washington,1994,37797,8805
West Virginia,1994,27821,9219
Wisconsin,1994,35412,10285
Wyoming,1994,33686,9189
Alabama,1995,31066,6830
Alaska,1995,40632,12964
Arizona,1995,32893,7030
Arkansas,1995,29462,6908
California,1995,38420,7909
Colorado,1995,39372,8099
Connecticut,1995,50142,13405
Delaware,1995,39380,10464
District of Columbia,1995,51903,14865
Florida,1995,37672,8391
Georgia,1995,35017,7991
Hawaii,1995,40474,8667
Idaho,1995,31375,6559
Illinois,1995,40284,9225
Indiana,1995,34404,8827
Iowa,1995,33587,8828
Kansas,1995,34892,8471
Kentucky,1995,30105,7834
Louisiana,1995,30541,7247
Maine,1995,32453,9679
Maryland,1995,42297,10667
Massachusetts,1995,43932,11185
Michigan,1995,36796,11081
Minnesota,1995,37964,9101
Mississippi,1995,27304,6370
Missouri,1995,34773,8139
Montana,1995,29535,8200
Nebraska,1995,35517,8954
Nevada,1995,40779,7666
New Hampshire,1995,39702,9004
New Jersey,1995,46646,15730
New Mexico,1995,30198,7430
New York,1995,43754,13883
North Carolina,1995,34665,7534
North Dakota,1995,30426,7298
Ohio,1995,35395,8939
Oklahoma,1995,30122,7154
Oregon,1995,35531,9044
Pennsylvania,1995,37088,10946
Rhode Island,1995,37836,11623
South Carolina,1995,30853,7517
South Dakota,1995,31819,6695
Tennessee,1995,33918,6684
Texas,1995,33346,8079
Utah,1995,30016,5764
Vermont,1995,34036,10315
Virginia,1995,39256,8853
Washington,1995,38161,8814
West Virginia,1995,27905,9317
Wisconsin,1995,35892,10336
Wyoming,1995,34033,9049
Alabama,1996,31276,7022
Alaska,1996,40295,12630
Arizona,1996,33651,6763
Arkansas,1996,30076,6918
California,1996,39326,8186
Colorado,1996,40440,8178
Connecticut,1996,51045,13216
Delaware,1996,40420,10822
District of Columbia,1996,53755,13637
Florida,1996,38272,8286
Georgia,1996,36022,8256
Hawaii,1996,39188,8534
Idaho,1996,31797,6755
Illinois,1996,41381,9218
Indiana,1996,35049,9394
Iowa,1996,35463,8977
Kansas,1996,35956,8453
Kentucky,1996,30824,8156
Louisiana,1996,30883,7496
Maine,1996,33213,9868
Maryland,1996,42707,10617
Massachusetts,1996,45210,11326
Michigan,1996,37309,10784
Minnesota,1996,39411,9155
Mississippi,1996,27941,6310
Missouri,1996,35490,8235
Montana,1996,29751,8319
Nebraska,1996,37287,8948
Nevada,1996,41870,7739
New Hampshire,1996,40305,9039
New Jersey,1996,47670,15643
New Mexico,1996,30383,7356
New York,1996,44736,13760
North Carolina,1996,35452,7490
North Dakota,1996,32993,7290
Ohio,1996,35920,9097
Oklahoma,1996,30750,7348
Oregon,1996,36602,8983
Pennsylvania,1996,37904,10909
Rhode Island,1996,38124,11787
South Carolina,1996,31528,7718
South Dakota,1996,34043,6721
Tennessee,1996,34315,7114
Texas,1996,34220,8232
Utah,1996,31023,5882
Vermont,1996,34619,10447
Virginia,1996,39640,9004
Washington,1996,39296,8698
West Virginia,1996,28227,9338
Wisconsin,1996,36618,10488
Wyoming,1996,34393,9009
Alabama,1997,31980,7247
Alaska,1997,41270,12402
Arizona,1997,34774,6861
Arkansas,1997,30575,7011
California,1997,40335,8576
Colorado,1997,41680,8514
Connecticut,1997,53198,13412
Delaware,1997,40827,10999
District of Columbia,1997,56326,13965
Florida,1997,38932,8386
Georgia,1997,36729,8510
Hawaii,1997,39398,8672
Idaho,1997,31842,7023
Illinois,1997,42497,9493
Indiana,1997,35818,9413
Iowa,1997,36201,9193
Kansas,1997,37087,8608
Kentucky,1997,31775,8073
Louisiana,1997,31678,7998
Maine,1997,34144,10096
Maryland,1997,43778,10809
Massachusetts,1997,46750,11757
Michigan,1997,38226,11130
Minnesota,1997,40344,9520
Mississippi,1997,28621,6550
Missouri,1997,36587,8452
Montana,1997,30247,8485
Nebraska,1997,37316,8924
Nevada,1997,42666,7876
New Hampshire,1997,41876,9186
New Jersey,1997,49380,15481
New Mexico,1997,30880,7474
New York,1997,46199,13969
North Carolina,1997,36649,7805
North Dakota,1997,31743,7501
Ohio,1997,37110,9285
Oklahoma,1997,31495,7492
Oregon,1997,37453,9524
Pennsylvania,1997,38990,10825
Rhode Island,1997,39500,12006
South Carolina,1997,32356,7950
South Dakota,1997,33971,6967
Tennessee,1997,35102,7506
Texas,1997,35788,8319
Utah,1997,32109,6037
Vermont,1997,35523,10704
Virginia,1997,40885,9233
Washington,1997,40740,8968
West Virginia,1997,28804,9505
Wisconsin,1997,37775,10744
Wyoming,1997,36006,9203
Alabama,1998,33418,7639
Alaska,1998,42056,12388
Arizona,1998,36677,6902
Arkansas,1998,31793,7246
California,1998,42658,8678
Colorado,1998,44757,8780
Connecticut,1998,56065,13786
Delaware,1998,43098,11250
District of Columbia,1998,59759,15895
Florida,1998,40768,8606
Georgia,1998,38889,9046
Hawaii,1998,39360,8868
Idaho,1998,33489,7421
Illinois,1998,44099,10139
Indiana,1998,37852,9939
Iowa,1998,37311,9374
Kansas,1998,38653,8969
Kentucky,1998,32993,8536
Louisiana,1998,32546,8426
Maine,1998,35822,10581
Maryland,1998,46059,10993
Massachusetts,1998,48721,12294
Michigan,1998,39647,11576
Minnesota,1998,42923,10002
Mississippi,1998,29679,6860
Missouri,1998,37627,8756
Montana,1998,31939,8723
Nebraska,1998,39182,9230
Nevada,1998,44081,8188
New Hampshire,1998,44264,9448
New Jersey,1998,51476,16141
New Mexico,1998,31950,7971
New York,1998,47673,14554
North Carolina,1998,38245,8265
North Dakota,1998,34446,7949
Ohio,1998,38579,9735
Oklahoma,1998,32739,7953
Oregon,1998,38701,9976
Pennsylvania,1998,40531,11016
Rhode Island,1998,41553,12397
South Carolina,1998,33781,8329
South Dakota,1998,36195,7687
Tennessee,1998,37651,7672
Texas,1998,37811,8553
Utah,1998,33540,6313
Vermont,1998,37454,11241
Virginia,1998,42655,9533
Washington,1998,43336,8925
West Virginia,1998,29560,9910
Wisconsin,1998,39610,11187
Wyoming,1998,37717,9938
Alabama,1999,33838,8126
Alaska,1999,42176,12638
Arizona,1999,37304,7190
Arkansas,1999,32243,7546
California,1999,43996,9228
Colorado,1999,46462,9010
Connecticut,1999,57392,14124
Delaware,1999,43835,11882
District of Columbia,1999,61488,16206
Florida,1999,41299,8476
Georgia,1999,39776,9352
Hawaii,1999,39834,9324
Idaho,1999,34337,7618
Illinois,1999,44665,10456
Indiana,1999,38364,10320
Iowa,1999,37373,9661
Kansas,1999,39048,9216
Kentucky,1999,33495,8733
Louisiana,1999,32445,8567
Maine,1999,36589,11078
Maryland,1999,47478,11323
Massachusetts,1999,50551,12838
Michigan,1999,40485,12373
Minnesota,1999,43760,10327
Mississippi,1999,29869,7373
Missouri,1999,38135,9063
Montana,1999,32101,9019
Nebraska,1999,40000,9650
Nevada,1999,45132,8253
New Hampshire,1999,45101,9858
New Jersey,1999,52375,16029
New Mexico,1999,32109,8357
New York,1999,49008,14975
North Carolina,1999,39037,8647
North Dakota,1999,34215,8098
Ohio,1999,38972,10221
Oklahoma,1999,33132,7970
Oregon,1999,39188,10223
Pennsylvania,1999,41423,11237
Rhode Island,1999,42310,13027
South Carolina,1999,34435,8928
South Dakota,1999,37271,8082
Tennessee,1999,38132,7884
Texas,1999,38497,9254
Utah,1999,34358,6421
Vermont,1999,38626,12157
Virginia,1999,44089,9966
Washington,1999,44797,9115
West Virginia,1999,29714,10404
Wisconsin,1999,40121,11360
Wyoming,1999,39432,10555
Alabama,2000,33856,8209
Alaska,2000,43318,12784
Arizona,2000,36434,7631
Arkansas,2000,31319,7712
California,2000,45854,9876
Colorado,2000,47035,9223
Connecticut,2000,58005,14185
Delaware,2000,44118,12389
District of Columbia,2000,59421,18874
Florida,2000,40647,8678
Georgia,2000,39398,9741
Hawaii,2000,39827,9112
Idaho,2000,34716,7940
Illinois,2000,45258,10833
Indiana,2000,38646,10599
Iowa,2000,37926,9888
Kansas,2000,39552,9841
Kentucky,2000,34280,8676
Louisiana,2000,32394,8563
Maine,2000,37258,11489
Maryland,2000,48569,11709
Massachusetts,2000,52809,13343
Michigan,2000,41245,11747
Minnesota,2000,44431,10624
Mississippi,2000,29641,7358
Missouri,2000,38504,9433
Montana,2000,32447,9296
Nebraska,2000,39828,10102
Nevada,2000,42908,8044
New Hampshire,2000,47099,10147
New Jersey,2000,53821,16860
New Mexico,2000,32195,8762
New York,2000,48541,15751
North Carolina,2000,38305,8774
North Dakota,2000,35609,8473
Ohio,2000,39339,10588
Oklahoma,2000,34096,8646
Oregon,2000,39666,10413
Pennsylvania,2000,41895,11379
Rhode Island,2000,41495,13182
South Carolina,2000,34540,9355
South Dakota,2000,37478,8585
Tennessee,2000,37780,8063
Texas,2000,38954,9323
Utah,2000,34051,6661
Vermont,2000,39222,12894
Virginia,2000,44617,10111
Washington,2000,45171,9346
West Virginia,2000,30372,10600
Wisconsin,2000,40387,11644
Wyoming,2000,39794,10773
Alabama,2001,34172,8189
Alaska,2001,43940,12902
Arizona,2001,36157,7949
Arkansas,2001,31888,8447
California,2001,45522,10180
Colorado,2001,47009,9527
Connecticut,2001,58463,14415
Delaware,2001,45482,12476
District of Columbia,2001,59867,20316
Florida,2001,40834,8498
Georgia,2001,39326,10092
Hawaii,2001,39863,9820
Idaho,2001,34809,8111
Illinois,2001,45036,10963
Indiana,2001,38304,10451
Iowa,2001,37958,10025
Kansas,2001,39834,10164
Kentucky,2001,34365,9257
Louisiana,2001,33673,9027
Maine,2001,37812,12005
Maryland,2001,49191,11979
Massachusetts,2001,53036,13972
Michigan,2001,40350,11926
Minnesota,2001,44539,10459
Mississippi,2001,30442,7395
Missouri,2001,38453,9794
Montana,2001,33117,9486
Nebraska,2001,40381,10533
Nevada,2001,42537,8189
New Hampshire,2001,46911,10737
New Jersey,2001,53778,17009
New Mexico,2001,33773,9300
New York,2001,48476,15957
North Carolina,2001,38079,8743
North Dakota,2001,35631,9028
Ohio,2001,39273,10999
Oklahoma,2001,35526,8736
Oregon,2001,39178,10267
Pennsylvania,2001,42120,11469
Rhode Island,2001,42156,13069
South Carolina,2001,34556,9642
South Dakota,2001,37962,8684
Tennessee,2001,37561,8219
Texas,2001,39652,9435
Utah,2001,34239,6801
Vermont,2001,40064,13460
Virginia,2001,45095,10162
Washington,2001,44390,9484
West Virginia,2001,31181,10761
Wisconsin,2001,40713,11872
Wyoming,2001,41176,11554
Alabama,2002,34468,8399
Alaska,2002,44455,13123
Arizona,2002,35922,8380
Arkansas,2002,31935,8594
California,2002,45031,10214
Colorado,2002,45578,9985
Connecticut,2002,57029,14839
Delaware,2002,46045,12827
District of Columbia,2002,59537,18026
Florida,2002,40871,8647
Georgia,2002,38967,10472
Hawaii,2002,40647,10724
Idaho,2002,34801,8083
Illinois,2002,44780,11246
Indiana,2002,38081,10688
Iowa,2002,38460,10269
Kansas,2002,39368,10205
Kentucky,2002,34498,9289
Louisiana,2002,34001,9422
Maine,2002,38227,12539
Maryland,2002,49819,12416
Massachusetts,2002,52007,14089
Michigan,2002,39840,12035
Minnesota,2002,44591,10797
Mississippi,2002,30512,7876
Missouri,2002,38567,10001
Montana,2002,33338,9926
Nebraska,2002,40407,10831
Nevada,2002,42073,8086
New Hampshire,2002,46543,11428
New Jersey,2002,53345,17770
New Mexico,2002,34021,9479
New York,2002,47508,16808
North Carolina,2002,37569,8701
North Dakota,2002,35950,9106
Ohio,2002,39272,11536
Oklahoma,2002,35459,8450
Oregon,2002,38661,9908
Pennsylvania,2002,42301,11898
Rhode Island,2002,42967,13720
South Carolina,2002,34568,9538
South Dakota,2002,37544,8766
Tennessee,2002,37648,8331
Texas,2002,38580,9813
Utah,2002,33956,6628
Vermont,2002,40221,14172
Virginia,2002,45207,10430
Washington,2002,44113,9635
West Virginia,2002,31963,11270
Wisconsin,2002,40922,12209
Wyoming,2002,41506,12050
Alabama,2003,34989,8488
Alaska,2003,44610,13199
Arizona,2003,36072,7834
Arkansas,2003,32834,8871
California,2003,45417,10144
Colorado,2003,45059,9881
Connecticut,2003,56567,15019
Delaware,2003,45777,13209
District of Columbia,2003,60852,19082
Florida,2003,41133,8910
Georgia,2003,38703,10204
Hawaii,2003,41318,11053
Idaho,2003,34842,8019
Illinois,2003,44519,11459
Indiana,2003,38077,10924
Iowa,2003,38506,10030
Kansas,2003,39636,10385
Kentucky,2003,34399,9357
Louisiana,2003,34234,9661
Maine,2003,39017,12651
Maryland,2003,50507,12516
Massachusetts,2003,52011,14503
Michigan,2003,39935,12159
Minnesota,2003,45361,10953
Mississippi,2003,30896,8239
Missouri,2003,39016,9833
Montana,2003,34373,10135
Nebraska,2003,41976,11103
Nevada,2003,43078,8319
New Hampshire,2003,46406,11945
New Jersey,2003,53088,18400
New Mexico,2003,33999,9862
New York,2003,47521,17309
North Carolina,2003,37511,8580
North Dakota,2003,38432,9503
Ohio,2003,39387,11782
Oklahoma,2003,35731,8376
Oregon,2003,38767,9858
Pennsylvania,2003,42606,12548
Rhode Island,2003,43711,14384
South Carolina,2003,34612,9505
South Dakota,2003,39789,9250
Tennessee,2003,37926,8584
Texas,2003,38577,9630
Utah,2003,33538,6700
Vermont,2003,41053,14920
Virginia,2003,46181,10726
Washington,2003,44455,9615
West Virginia,2003,31979,11368
Wisconsin,2003,41176,12258
Wyoming,2003,43241,12281
Alabama,2004,36316,8887
Alaska,2004,44600,13774
Arizona,2004,37168,8014
Arkansas,2004,33766,9780
California,2004,46579,10179
Colorado,2004,45392,10086
Connecticut,2004,58788,15704
Delaware,2004,46810,13749
District of Columbia,2004,63422,20110
Florida,2004,42769,9208
Georgia,2004,38842,10358
Hawaii,2004,43076,11367
Idaho,2004,36308,7999
Illinois,2004,45136,11527
Indiana,2004,38735,11263
Iowa,2004,40591,10105
Kansas,2004,40124,10310
Kentucky,2004,35190,9551
Louisiana,2004,35008,9932
Maine,2004,39906,13074
Maryland,2004,52426,12918
Massachusetts,2004,53170,14945
Michigan,2004,40111,12160
Minnesota,2004,46290,11072
Mississippi,2004,31698,8470
Missouri,2004,39678,9997
Montana,2004,35382,10274
Nebraska,2004,42388,11260
Nevada,2004,45044,8600
New Hampshire,2004,47797,12425
New Jersey,2004,54115,18862
New Mexico,2004,34650,9979
New York,2004,48961,18088
North Carolina,2004,38715,8974
North Dakota,2004,37887,10488
Ohio,2004,39774,11859
Oklahoma,2004,36717,8791
Oregon,2004,39567,10148
Pennsylvania,2004,43519,12918
Rhode Island,2004,44608,14774
South Carolina,2004,35243,9750
South Dakota,2004,40663,9443
Tennessee,2004,38722,8795
Texas,2004,38903,9522
Utah,2004,33971,6656
Vermont,2004,42383,15627
Virginia,2004,47356,11307
Washington,2004,45932,9784
West Virginia,2004,32231,11639
Wisconsin,2004,41863,12624
Wyoming,2004,45221,12825
Alabama,2005,36793,9369
Alaska,2005,45124,14112
Arizona,2005,38396,7970
Arkansas,2005,33983,9966
California,2005,47266,10346
Colorado,2005,46240,10201
Connecticut,2005,59685,16203
Delaware,2005,46750,14165
District of Columbia,2005,65845,19574
Florida,2005,44088,9638
Georgia,2005,39240,10675
Hawaii,2005,44154,12075
Idaho,2005,36407,7925
Illinois,2005,45455,11439
Indiana,2005,38300,10932
Iowa,2005,40211,10271
Kansas,2005,40577,10878
Kentucky,2005,35408,9925
Louisiana,2005,36233,10665
Maine,2005,39311,13268
Maryland,2005,53171,13604
Massachusetts,2005,53653,15029
Michigan,2005,39781,12039
Minnesota,2005,45864,11260
Mississippi,2005,32578,8951
Missouri,2005,39540,10226
Montana,2005,35944,10533
Nebraska,2005,42285,11561
Nevada,2005,47215,8780
New Hampshire,2005,47505,12795
New Jersey,2005,54423,19347
New Mexico,2005,35561,10316
New York,2005,49874,18692
North Carolina,2005,39305,9027
North Dakota,2005,38954,10692
Ohio,2005,39661,11939
Oklahoma,2005,37952,8937
Oregon,2005,39416,10519
Pennsylvania,2005,43641,13091
Rhode Island,2005,44407,15451
South Carolina,2005,35701,10154
South Dakota,2005,40302,9518
Tennessee,2005,38433,8713
Texas,2005,40199,9503
Utah,2005,35060,6674
Vermont,2005,42004,16221
Virginia,2005,48370,11646
Washington,2005,45587,9798
West Virginia,2005,32308,11827
Wisconsin,2005,41686,12559
Wyoming,2005,48232,13933
Alabama,2006,37374,9912
Alaska,2006,45811,14673
Arizona,2006,39800,8714
Arkansas,2006,34710,10095
California,2006,48927,10723
Colorado,2006,47354,10039
Connecticut,2006,62227,16425
Delaware,2006,47635,13883
District of Columbia,2006,69248,21408
Florida,2006,45627,10235
Georgia,2006,39644,10951
Hawaii,2006,45669,13410
Idaho,2006,37722,7887
Illinois,2006,46906,11682
Indiana,2006,39021,10765
Iowa,2006,40834,10463
Kansas,2006,42366,11292
Kentucky,2006,36023,9919
Louisiana,2006,39538,10880
Maine,2006,40308,13837
Maryland,2006,54590,14514
Massachusetts,2006,55821,15415
Michigan,2006,39563,12048
Minnesota,2006,46617,11426
Mississippi,2006,32987,8993
Missouri,2006,40293,10388
Montana,2006,37196,10806
Nebraska,2006,42566,11821
Nevada,2006,47327,9241
New Hampshire,2006,48785,13121
New Jersey,2006,56674,20255
New Mexico,2006,36319,10578
New York,2006,52016,19419
North Carolina,2006,39920,9249
North Dakota,2006,39381,10285
Ohio,2006,40375,11866
Oklahoma,2006,39852,9280
Oregon,2006,40628,10559
Pennsylvania,2006,44871,12910
Rhode Island,2006,45724,15981
South Carolina,2006,36690,10312
South Dakota,2006,39549,9566
Tennessee,2006,38888,8608
Texas,2006,41628,9662
Utah,2006,36472,6752
Vermont,2006,43362,16758
Virginia,2006,49585,12196
Washington,2006,47103,10097
West Virginia,2006,33558,11731
Wisconsin,2006,42645,12578
Wyoming,2006,53061,15576
Alabama,2007,37708,10552
Alaska,2007,47501,16934
Arizona,2007,39694,8955
Arkansas,2007,35693,10192
California,2007,49305,11216
Colorado,2007,47774,10795
Connecticut,2007,64207,17107
Delaware,2007,47129,13942
District of Columbia,2007,71838,22240
Florida,2007,45690,10558
Georgia,2007,39805,11371
Hawaii,2007,47117,13604
Idaho,2007,37893,8022
Illinois,2007,47938,12274
Indiana,2007,39033,10230
Iowa,2007,42366,10870
Kansas,2007,43486,11689
Kentucky,2007,36211,10260
Louisiana,2007,40890,11890
Maine,2007,40849,13612
Maryland,2007,55285,15639
Massachusetts,2007,56755,16074
Michigan,2007,39600,11832
Minnesota,2007,47641,11665
Mississippi,2007,33761,9223
Missouri,2007,40770,10884
Montana,2007,38389,11180
Nebraska,2007,44248,12063
Nevada,2007,47234,9437
New Hampshire,2007,49356,13825
New Jersey,2007,58051,21440
New Mexico,2007,36912,10785
New York,2007,54406,20332
North Carolina,2007,40288,8904
North Dakota,2007,42238,10749
Ohio,2007,40582,12022
Oklahoma,2007,39804,9338
Oregon,2007,40783,10964
Pennsylvania,2007,45714,13514
Rhode Island,2007,46710,16710
South Carolina,2007,37112,10688
South Dakota,2007,42173,9853
Tennessee,2007,39047,9190
Texas,2007,42081,10000
Utah,2007,37442,6940
Vermont,2007,44368,17305
Virginia,2007,50360,12467
Washington,2007,48877,10444
West Virginia,2007,33793,12006
Wisconsin,2007,43089,12779
Wyoming,2007,53405,15821
Alabama,2008,37389,9941
Alaska,2008,49448,17140
Arizona,2008,38003,8960
Arkansas,2008,35680,10023
California,2008,47973,10577
Colorado,2008,47249,10000
Connecticut,2008,62405,17336
Delaware,2008,45911,13391
District of Columbia,2008,75414,24302
Florida,2008,43901,9930
Georgia,2008,38533,10876
Hawaii,2008,47150,13769
Idaho,2008,36242,7906
Illinois,2008,47278,12744
Indiana,2008,38658,10287
Iowa,2008,43705,11055
Kansas,2008,44817,11650
Kentucky,2008,36136,9940
Louisiana,2008,41423,12189
Maine,2008,40635,13597
Maryland,2008,54980,15598
Massachusetts,2008,55989,16451
Michigan,2008,38914,11739
Minnesota,2008,47504,12273
Mississippi,2008,33808,9067
Missouri,2008,40894,10874
Montana,2008,38478,11202
Nebraska,2008,44924,11924
Nevada,2008,44512,9226
New Hampshire,2008,48576,14035
New Jersey,2008,57255,19851
New Mexico,2008,37179,10816
New York,2008,53472,20731
North Carolina,2008,39541,9461
North Dakota,2008,46117,10922
Ohio,2008,39973,11979
Oklahoma,2008,41673,9224
Oregon,2008,40302,10788
Pennsylvania,2008,45423,13646
Rhode Island,2008,46106,16406
South Carolina,2008,36668,10487
South Dakota,2008,44078,9591
Tennessee,2008,38610,8942
Texas,2008,43593,9880
Utah,2008,36759,7270
Vermont,2008,44346,17473
Virginia,2008,49605,12313
Washington,2008,48502,10651
West Virginia,2008,34558,12229
Wisconsin,2008,42685,12834
Wyoming,2008,55236,16082
Alabama,2009,36753,9932
Alaska,2009,48787,17802
Arizona,2009,36077,8869
Arkansas,2009,35011,10548
California,2009,45890,10392
Colorado,2009,45336,10214
Connecticut,2009,60070,17819
Delaware,2009,45410,13568
District of Columbia,2009,73858,26488
Florida,2009,41471,9975
Georgia,2009,37100,10677
Hawaii,2009,47457,13052
Idaho,2009,35163,7911
Illinois,2009,45442,13495
Indiana,2009,37383,10586
Iowa,2009,43115,11255
Kansas,2009,42993,11362
Kentucky,2009,35704,10313
Louisiana,2009,40174,12334
Maine,2009,41004,14022
Maryland,2009,54682,15996
Massachusetts,2009,54899,16721
Michigan,2009,37471,11850
Minnesota,2009,45626,11968
Mississippi,2009,33488,9158
Missouri,2009,40008,11034
Montana,2009,37510,11759
Nebraska,2009,43948,12646
Nevada,2009,41292,9340
New Hampshire,2009,48040,14646
New Jersey,2009,55773,20424
New Mexico,2009,36372,10857
New York,2009,52274,21336
North Carolina,2009,38841,9246
North Dakota,2009,45440,11767
Ohio,2009,39158,12595
Oklahoma,2009,38563,9342
Oregon,2009,39186,10612
Pennsylvania,2009,45062,14187
Rhode Island,2009,45604,16486
South Carolina,2009,35997,10370
South Dakota,2009,42954,10064
Tennessee,2009,38063,9112
Texas,2009,40802,10200
Utah,2009,34982,7120
Vermont,2009,43856,18649
Virginia,2009,48883,11985
Washington,2009,46520,10593
West Virginia,2009,35025,13613
Wisconsin,2009,42460,13261
Wyoming,2009,49363,16809
Alabama,2010,36785,9574
Alaska,2010,49451,18503
Arizona,2010,36892,8515
Arkansas,2010,34747,10627
California,2010,45888,10051
Colorado,2010,45244,9894
Connecticut,2010,59925,18122
Delaware,2010,44463,13703
District of Columbia,2010,75352,26183
Florida,2010,41759,10000
Georgia,2010,37270,10312
Hawaii,2010,45222,13058
Idaho,2010,34838,7452
Illinois,2010,45618,13236
Indiana,2010,37273,10153
Iowa,2010,42362,11247
Kansas,2010,42121,11143
Kentucky,2010,35737,10397
Louisiana,2010,40371,12241
Maine,2010,40387,13962
Maryland,2010,54302,15875
Massachusetts,2010,55878,15982
Michigan,2010,38074,11746
Minnesota,2010,46203,11786
Mississippi,2010,33464,8811
Missouri,2010,39728,10596
Montana,2010,37564,11745
Nebraska,2010,43331,12524
Nevada,2010,39783,9236
New Hampshire,2010,48798,14941
New Jersey,2010,55285,19855
New Mexico,2010,36004,10281
New York,2010,53810,21046
North Carolina,2010,38457,9121
North Dakota,2010,46966,12019
Ohio,2010,39286,12582
Oklahoma,2010,38975,8852
Oregon,2010,38959,10500
Pennsylvania,2010,45186,14361
Rhode Island,2010,46681,16457
South Carolina,2010,35455,9995
South Dakota,2010,44077,9847
Tennessee,2010,38447,9484
Texas,2010,41311,9926
Utah,2010,35214,6989
Vermont,2010,43557,17939
Virginia,2010,48660,11531
Washington,2010,46175,10561
West Virginia,2010,34510,13710
Wisconsin,2010,42031,13641
Wyoming,2010,48865,17163