State,Year,Students per Teacher,Average Teacher Salary
Alabama,1970,24,42529
Alaska,1970,21,78235
Arizona,1970,23,53506
Arkansas,1970,22,37616
California,1970,24,63565
Colorado,1970,22,49669
Connecticut,1970,21,58106
Delaware,1970,22,56064
District of Columbia,1970,19,61150
Florida,1970,23,50720
Georgia,1970,25,43207
Hawaii,1970,23,59295
Idaho,1970,23,40751
Illinois,1970,21,59091
Indiana,1970,24,54317
Iowa,1970,20,52377
Kansas,1970,20,46276
Kentucky,1970,24,41496
Louisiana,1970,23,47885
Maine,1970,22,46852
Maryland,1970,22,58178
Massachusetts,1970,21,55410
Michigan,1970,23,63198
Minnesota,1970,21,56370
Mississippi,1970,24,34614
Missouri,1970,22,47176
Montana,1970,21,46870
Nebraska,1970,19,46840
Nevada,1970,26,54869
New Hampshire,1970,21,47915
New Jersey,1970,21,57794
New Mexico,1970,24,46780
New York,1970,20,63613
North Carolina,1970,24,44804
North Dakota,1970,19,41814
Ohio,1970,23,50023
Oklahoma,1970,22,44144
Oregon,1970,22,52167
Pennsylvania,1970,22,52959
Rhode Island,1970,21,53620
South Carolina,1970,22,40066
South Dakota,1970,19,42619
Tennessee,1970,25,43525
Texas,1970,22,46972
Utah,1970,26,46402
Vermont,1970,18,47597
Virginia,1970,23,49470
Washington,1970,24,57073
West Virginia,1970,24,43964
Wisconsin,1970,22,55542
Wyoming,1970,19,50125
Alabama,1971,24,43735
Alaska,1971,21,79864
Arizona,1971,24,56047
Arkansas,1971,23,38672
California,1971,23,64538
Colorado,1971,23,52365
Connecticut,1971,20,58192
Delaware,1971,22,58900
District of Columbia,1971,22,62289
Florida,1971,23,50524
Georgia,1971,24,44753
Hawaii,1971,22,58342
Idaho,1971,23,41641
Illinois,1971,22,60051
Indiana,1971,24,55235
Iowa,1971,20,51927
Kansas,1971,20,46640
Kentucky,1971,23,41612
Louisiana,1971,23,49551
Maine,1971,22,48309
Maryland,1971,22,59142
Massachusetts,1971,22,57531
Michigan,1971,24,65683
Minnesota,1971,21,57755
Mississippi,1971,23,36912
Missouri,1971,23,49074
Montana,1971,21,48211
Nebraska,1971,20,47848
Nevada,1971,24,57611
New Hampshire,1971,22,47802
New Jersey,1971,20,60626
New Mexico,1971,23,46502
New York,1971,20,66857
North Carolina,1971,24,48539
North Dakota,1971,19,42878
Ohio,1971,24,49626
Oklahoma,1971,23,43522
Oregon,1971,21,53573
Pennsylvania,1971,22,55966
Rhode Island,1971,21,56018
South Carolina,1971,25,41566
South Dakota,1971,20,43119
Tennessee,1971,25,45190
Texas,1971,22,47889
Utah,1971,25,47785
Vermont,1971,17,48010
Virginia,1971,22,51346
Washington,1971,24,57519
West Virginia,1971,23,45841
Wisconsin,1971,22,56593
Wyoming,1971,18,52198
Alabama,1972,23,44649
Alaska,1972,21,80775
Arizona,1972,24,55435
Arkansas,1972,22,40396
California,1972,23,66500
Colorado,1972,23,53250
Connecticut,1972,20,58417
Delaware,1972,22,58356
District of Columbia,1972,21,66806
Florida,1972,23,50959
Georgia,1972,24,47843
Hawaii,1972,22,58016
Idaho,1972,24,42180
Illinois,1972,21,62475
Indiana,1972,23,55346
Iowa,1972,20,52865
Kansas,1972,19,46851
Kentucky,1972,23,42949
Louisiana,1972,20,48679
Maine,1972,21,49454
Maryland,1972,22,61472
Massachusetts,1972,20,57949
Michigan,1972,24,65430
Minnesota,1972,21,58133
Mississippi,1972,23,38055
Missouri,1972,23,49905
Montana,1972,20,49298
Nebraska,1972,19,47949
Nevada,1972,24,59850
New Hampshire,1972,20,50446
New Jersey,1972,19,64666
New Mexico,1972,23,48010
New York,1972,19,68083
North Carolina,1972,23,50023
North Dakota,1972,19,44359
Ohio,1972,23,53038
Oklahoma,1972,22,42938
Oregon,1972,21,52609
Pennsylvania,1972,21,57230
Rhode Island,1972,20,58428
South Carolina,1972,23,44092
South Dakota,1972,20,43300
Tennessee,1972,25,45714
Texas,1972,22,47821
Utah,1972,25,46817
Vermont,1972,17,48846
Virginia,1972,21,52403
Washington,1972,24,58345
West Virginia,1972,23,44616
Wisconsin,1972,21,57369
Wyoming,1972,18,51199
Alabama,1973,23,45125
Alaska,1973,20,76622
Arizona,1973,24,50998
Arkansas,1973,22,38246
California,1973,22,64096
Colorado,1973,22,49549
Connecticut,1973,19,53984
Delaware,1973,21,55280
District of Columbia,1973,21,62275
Florida,1973,23,48851
Georgia,1973,24,45802
Hawaii,1973,23,54356
Idaho,1973,23,40397
Illinois,1973,21,58612
Indiana,1973,23,51312
Iowa,1973,19,48190
Kansas,1973,19,43504
Kentucky,1973,23,40597
Louisiana,1973,20,44826
Maine,1973,21,45178
Maryland,1973,21,57421
Massachusetts,1973,18,54424
Michigan,1973,23,61000
Minnesota,1973,21,54167
Mississippi,1973,22,37196
Missouri,1973,22,46590
Montana,1973,19,46107
Nebraska,1973,19,44837
Nevada,1973,24,56613
New Hampshire,1973,20,47004
New Jersey,1973,19,58182
New Mexico,1973,23,44900
New York,1973,19,65350
North Carolina,1973,23,50027
North Dakota,1973,18,41431
Ohio,1973,23,49402
Oklahoma,1973,22,40250
Oregon,1973,21,48547
Pennsylvania,1973,21,53412
Rhode Island,1973,20,55789
South Carolina,1973,23,41814
South Dakota,1973,19,39657
Tennessee,1973,24,43236
Texas,1973,21,43635
Utah,1973,25,44706
Vermont,1973,17,43708
Virginia,1973,21,48510
Washington,1973,24,55238
West Virginia,1973,22,40654
Wisconsin,1973,20,52966
Wyoming,1973,18,47387
Alabama,1974,22,39104
Alaska,1974,21,68846
Arizona,1974,23,45418
Arkansas,1974,22,36358
California,1974,22,60164
Colorado,1974,22,45934
Connecticut,1974,19,49615
Delaware,1974,21,50471
District of Columbia,1974,19,60334
Florida,1974,22,43235
Georgia,1974,23,42597
Hawaii,1974,23,57513
Idaho,1974,22,38844
Illinois,1974,20,55329
Indiana,1974,24,47011
Iowa,1974,19,44780
Kansas,1974,18,39222
Kentucky,1974,22,37578
Louisiana,1974,20,41189
Maine,1974,21,41212
Maryland,1974,21,53065
Massachusetts,1974,18,53519
Michigan,1974,24,58259
Minnesota,1974,20,49554
Mississippi,1974,22,33764
Missouri,1974,21,41987
Montana,1974,19,42001
Nebraska,1974,18,38934
Nevada,1974,24,51388
New Hampshire,1974,18,42020
New Jersey,1974,18,52933
New Mexico,1974,22,42049
New York,1974,18,61780
North Carolina,1974,23,46189
North Dakota,1974,18,38830
Ohio,1974,22,45097
Oklahoma,1974,21,37582
Oregon,1974,21,45428
Pennsylvania,1974,20,48831
Rhode Island,1974,19,51993
South Carolina,1974,23,39780
South Dakota,1974,19,36599
Tennessee,1974,22,41675
Texas,1974,21,41137
Utah,1974,25,42247
Vermont,1974,17,40678
Virginia,1974,21,44847
Washington,1974,23,52177
West Virginia,1974,21,38272
Wisconsin,1974,20,48051
Wyoming,1974,17,43363
Alabama,1975,21,41871
Alaska,1975,20,76985
Arizona,1975,21,46955
Arkansas,1975,21,38259
California,1975,22,60948
Colorado,1975,20,47973
Connecticut,1975,18,51108
Delaware,1975,20,49995
District of Columbia,1975,20,62525
Florida,1975,21,41875
Georgia,1975,23,43200
Hawaii,1975,22,60645
Idaho,1975,22,40719
Illinois,1975,20,56189
Indiana,1975,22,47696
Iowa,1975,18,48376
Kansas,1975,18,43317
Kentucky,1975,22,39012
Louisiana,1975,21,42494
Maine,1975,20,42347
Maryland,1975,21,54634
Massachusetts,1975,19,53906
Michigan,1975,23,58224
Minnesota,1975,20,50745
Mississippi,1975,21,36986
Missouri,1975,20,43070
Montana,1975,19,44036
Nebraska,1975,18,41503
Nevada,1975,24,50909
New Hampshire,1975,20,40870
New Jersey,1975,18,54253
New Mexico,1975,21,43088
New York,1975,19,65054
North Carolina,1975,23,44898
North Dakota,1975,17,41130
Ohio,1975,22,46080
Oklahoma,1975,20,38683
Oregon,1975,20,48978
Pennsylvania,1975,19,50294
Rhode Island,1975,19,51840
South Carolina,1975,22,39536
South Dakota,1975,19,37514
Tennessee,1975,22,41178
Texas,1975,20,45128
Utah,1975,25,44577
Vermont,1975,16,40277
Virginia,1975,19,45067
Washington,1975,23,54573
West Virginia,1975,21,41611
Wisconsin,1975,19,49246
Wyoming,1975,17,48068
Alabama,1976,20,40912
Alaska,1976,20,81366
Arizona,1976,21,50310
Arkansas,1976,21,37927
California,1976,21,63582
Colorado,1976,19,51444
Connecticut,1976,17,53226
Delaware,1976,20,51252
District of Columbia,1976,21,66497
Florida,1976,21,47329
Georgia,1976,24,43529
Hawaii,1976,22,65351
Idaho,1976,22,42755
Illinois,1976,20,57116
Indiana,1976,22,49786
Iowa,1976,18,48840
Kansas,1976,18,43955
Kentucky,1976,21,42571
Louisiana,1976,21,42390
Maine,1976,19,43316
Maryland,1976,20,57267
Massachusetts,1976,19,55768
Michigan,1976,23,60498
Minnesota,1976,19,54409
Mississippi,1976,21,36625
Missouri,1976,20,44614
Montana,1976,18,45748
Nebraska,1976,17,43533
Nevada,1976,24,52497
New Hampshire,1976,18,40896
New Jersey,1976,18,56575
New Mexico,1976,22,46191
New York,1976,19,66825
North Carolina,1976,23,46342
North Dakota,1976,17,41629
Ohio,1976,21,48754
Oklahoma,1976,20,41023
Oregon,1976,20,50830
Pennsylvania,1976,19,52337
Rhode Island,1976,19,54978
South Carolina,1976,20,40916
South Dakota,1976,18,39680
Tennessee,1976,21,43484
Texas,1976,20,45060
Utah,1976,25,47415
Vermont,1976,17,42100
Virginia,1976,18,46944
Washington,1976,23,58144
West Virginia,1976,20,44532
Wisconsin,1976,19,51600
Wyoming,1976,18,50977
Alabama,1977,20,42386
Alaska,1977,18,81900
Arizona,1977,21,49464
Arkansas,1977,20,37780
California,1977,21,62306
Colorado,1977,19,50933
Connecticut,1977,17,51952
Delaware,1977,20,49926
District of Columbia,1977,20,66255
Florida,1977,22,46435
Georgia,1977,21,44005
Hawaii,1977,22,64390
Idaho,1977,21,42605
Illinois,1977,20,57866
Indiana,1977,22,48715
Iowa,1977,18,48469
Kansas,1977,17,43720
Kentucky,1977,21,42594
Louisiana,1977,21,45335
Maine,1977,18,42651
Maryland,1977,20,57443
Massachusetts,1977,17,55228
Michigan,1977,23,59730
Minnesota,1977,19,51471
Mississippi,1977,20,37903
Missouri,1977,19,44158
Montana,1977,17,46027
Nebraska,1977,17,43067
Nevada,1977,22,51914
New Hampshire,1977,18,40329
New Jersey,1977,18,55839
New Mexico,1977,20,46650
New York,1977,18,64786
North Carolina,1977,22,46396
North Dakota,1977,17,41048
Ohio,1977,21,48346
Oklahoma,1977,19,41852
Oregon,1977,19,50280
Pennsylvania,1977,19,52533
Rhode Island,1977,18,58077
South Carolina,1977,21,41494
South Dakota,1977,18,39422
Tennessee,1977,22,43305
Texas,1977,19,45554
Utah,1977,25,50468
Vermont,1977,17,41075
Virginia,1977,18,45577
Washington,1977,23,58546
West Virginia,1977,19,43820
Wisconsin,1977,17,51029
Wyoming,1977,17,51283
Alabama,1978,19,42726
Alaska,1978,18,79688
Arizona,1978,20,47615
Arkansas,1978,20,36698
California,1978,20,58007
Colorado,1978,19,49462
Connecticut,1978,17,51088
Delaware,1978,18,49884
District of Columbia,1978,19,64300
Florida,1978,21,43512
Georgia,1978,21,43802
Hawaii,1978,22,60573
Idaho,1978,21,41601
Illinois,1978,18,54501
Indiana,1978,21,47136
Iowa,1978,17,46811
Kansas,1978,16,42058
Kentucky,1978,21,43459
Louisiana,1978,20,42908
Maine,1978,17,40503
Maryland,1978,19,54734
Massachusetts,1978,16,56120
Michigan,1978,22,59408
Minnesota,1978,18,51174
Mississippi,1978,19,36626
Missouri,1978,18,41944
Montana,1978,17,45045
Nebraska,1978,17,41693
Nevada,1978,23,50606
New Hampshire,1978,19,39063
New Jersey,1978,17,53411
New Mexico,1978,20,46482
New York,1978,20,61084
North Carolina,1978,21,45121
North Dakota,1978,17,39635
Ohio,1978,20,47118
Oklahoma,1978,18,40368
Oregon,1978,19,49244
Pennsylvania,1978,18,51181
Rhode Island,1978,17,55363
South Carolina,1978,21,39996
South Dakota,1978,17,37680
Tennessee,1978,21,42637
Texas,1978,19,43023
Utah,1978,24,45835
Vermont,1978,16,38892
Virginia,1978,19,43795
Washington,1978,22,57274
West Virginia,1978,20,42079
Wisconsin,1978,19,49187
Wyoming,1978,16,47744
Alabama,1979,24,36680
Alaska,1979,17,76425
Arizona,1979,19,42280
Arkansas,1979,19,34542
California,1979,21,50612
Colorado,1979,19,45515
Connecticut,1979,16,45583
Delaware,1979,17,45355
District of Columbia,1979,18,62323
Florida,1979,21,39738
Georgia,1979,21,38907
Hawaii,1979,23,55949
Idaho,1979,21,38230
Illinois,1979,19,49434
Indiana,1979,20,43811
Iowa,1979,17,42701
Kansas,1979,16,38451
Kentucky,1979,21,40781
Louisiana,1979,18,38647
Maine,1979,21,36712
Maryland,1979,19,49315
Massachusetts,1979,15,48458
Michigan,1979,21,55227
Minnesota,1979,18,44690
Mississippi,1979,19,33281
Missouri,1979,18,38429
Montana,1979,17,40830
Nebraska,1979,16,37960
Nevada,1979,21,45766
New Hampshire,1979,18,36561
New Jersey,1979,17,48198
New Mexico,1979,19,41812
New York,1979,19,55644
North Carolina,1979,20,39649
North Dakota,1979,16,37251
Ohio,1979,20,42887
Oklahoma,1979,18,36811
Oregon,1979,19,45685
Pennsylvania,1979,18,46385
Rhode Island,1979,17,50560
South Carolina,1979,20,36689
South Dakota,1979,16,34680
Tennessee,1979,21,39241
Texas,1979,19,39690
Utah,1979,24,41873
Vermont,1979,15,35062
Virginia,1979,18,39488
Washington,1979,22,52858
West Virginia,1979,18,38506
Wisconsin,1979,18,44954
Wyoming,1979,18,44973
Alabama,1980,21,38109
Alaska,1980,17,71390
Arizona,1980,20,42194
Arkansas,1980,19,32643
California,1980,21,51382
Colorado,1980,18,43611
Connecticut,1980,15,42800
Delaware,1980,18,44327
District of Columbia,1980,19,56273
Florida,1980,20,37888
Georgia,1980,19,37984
Hawaii,1980,23,52007
Idaho,1980,20,37156
Illinois,1980,18,47773
Indiana,1980,20,42325
Iowa,1980,16,41711
Kansas,1980,16,37503
Kentucky,1980,20,38733
Louisiana,1980,18,39372
Maine,1980,19,34416
Maryland,1980,18,46722
Massachusetts,1980,16,46230
Michigan,1980,21,53559
Minnesota,1980,17,43719
Mississippi,1980,18,32012
Missouri,1980,17,37925
Montana,1980,17,39268
Nebraska,1980,17,36599
Nevada,1980,21,43529
New Hampshire,1980,20,33697
New Jersey,1980,16,44869
New Mexico,1980,19,41343
New York,1980,18,52445
North Carolina,1980,20,39005
North Dakota,1980,16,36596
Ohio,1980,19,41570
Oklahoma,1980,17,37337
Oregon,1980,21,44383
Pennsylvania,1980,17,43996
Rhode Island,1980,16,49402
South Carolina,1980,19,35298
South Dakota,1980,16,33613
Tennessee,1980,21,37178
Texas,1980,18,38680
Utah,1980,24,41561
Vermont,1980,15,33299
Virginia,1980,18,38205
Washington,1980,21,52303
West Virginia,1980,18,36760
Wisconsin,1980,17,43297
Wyoming,1980,15,46032
Alabama,1981,21,36644
Alaska,1981,16,74932
Arizona,1981,20,45093
Arkansas,1981,19,34048
California,1981,23,53411
Colorado,1981,18,45951
Connecticut,1981,15,44262
Delaware,1981,18,45277
District of Columbia,1981,19,56956
Florida,1981,20,39387
Georgia,1981,19,38408
Hawaii,1981,23,52911
Idaho,1981,21,38495
Illinois,1981,19,49338
Indiana,1981,20,43742
Iowa,1981,17,42883
Kansas,1981,16,39226
Kentucky,1981,21,40584
Louisiana,1981,20,42086
Maine,1981,18,35455
Maryland,1981,18,49573
Massachusetts,1981,15,47528
Michigan,1981,22,57045
Minnesota,1981,17,46726
Mississippi,1981,19,33176
Missouri,1981,17,38523
Montana,1981,16,41709
Nebraska,1981,16,38892
Nevada,1981,21,46802
New Hampshire,1981,17,34958
New Jersey,1981,16,46733
New Mexico,1981,19,43868
New York,1981,18,55010
North Carolina,1981,20,39777
North Dakota,1981,17,40902
Ohio,1981,20,43539
Oklahoma,1981,17,38049
Oregon,1981,20,47659
Pennsylvania,1981,17,45728
Rhode Island,1981,16,50837
South Carolina,1981,19,36652
South Dakota,1981,16,34542
Tennessee,1981,21,38223
Texas,1981,18,41268
Utah,1981,25,42499
Vermont,1981,15,34540
Virginia,1981,18,39920
Washington,1981,22,53877
West Virginia,1981,17,40205
Wisconsin,1981,17,45505
Wyoming,1981,15,49876
Alabama,1982,20,40919
Alaska,1982,16,78923
Arizona,1982,19,49048
Arkansas,1982,18,34904
California,1982,23,54841
Colorado,1982,19,49862
Connecticut,1982,15,48145
Delaware,1982,17,47899
District of Columbia,1982,17,61852
Florida,1982,18,42442
Georgia,1982,19,40438
Hawaii,1982,23,57586
Idaho,1982,21,40839
Illinois,1982,18,51825
Indiana,1982,20,46798
Iowa,1982,16,44724
Kansas,1982,16,42341
Kentucky,1982,20,42698
Louisiana,1982,18,42780
Maine,1982,16,37734
Maryland,1982,19,53235
Massachusetts,1982,16,50724
Michigan,1982,21,59713
Minnesota,1982,18,53129
Mississippi,1982,19,33257
Missouri,1982,17,40692
Montana,1982,16,45757
Nebraska,1982,15,40438
Nevada,1982,21,51255
New Hampshire,1982,16,38434
New Jersey,1982,16,50017
New Mexico,1982,19,47332
New York,1982,17,58062
North Carolina,1982,20,40839
North Dakota,1982,17,43592
Ohio,1982,20,46458
Oklahoma,1982,17,42430
Oregon,1982,19,50504
Pennsylvania,1982,17,49184
Rhode Island,1982,16,53822
South Carolina,1982,19,38374
South Dakota,1982,16,36218
Tennessee,1982,21,40363
Texas,1982,18,45402
Utah,1982,25,46122
Vermont,1982,15,37787
Virginia,1982,17,43046
Washington,1982,22,54549
West Virginia,1982,17,40228
Wisconsin,1982,17,49922
Wyoming,1982,15,55019
Alabama,1983,20,41077
Alaska,1983,16,87829
Arizona,1983,19,50277
Arkansas,1983,18,39327
California,1983,23,57712
Colorado,1983,19,54072
Connecticut,1983,15,52565
Delaware,1983,17,48633
District of Columbia,1983,16,66597
Florida,1983,18,45295
Georgia,1983,19,43280
Hawaii,1983,23,56584
Idaho,1983,21,41781
Illinois,1983,18,56198
Indiana,1983,19,50034
Iowa,1983,16,46808
Kansas,1983,16,45093
Kentucky,1983,20,45671
Louisiana,1983,19,42745
Maine,1983,16,40256
Maryland,1983,18,55452
Massachusetts,1983,15,53335
Michigan,1983,20,62966
Minnesota,1983,18,56568
Mississippi,1983,19,36733
Missouri,1983,17,44764
Montana,1983,16,48064
Nebraska,1983,15,43638
Nevada,1983,20,51945
New Hampshire,1983,16,40366
New Jersey,1983,16,54044
New Mexico,1983,19,47788
New York,1983,17,63464
North Carolina,1983,20,42539
North Dakota,1983,17,44743
Ohio,1983,19,49459
Oklahoma,1983,17,43280
Oregon,1983,18,53791
Pennsylvania,1983,17,52741
Rhode Island,1983,15,58861
South Carolina,1983,19,40384
South Dakota,1983,15,38286
Tennessee,1983,21,41608
Texas,1983,18,46857
Utah,1983,25,46478
Vermont,1983,14,40901
Virginia,1983,17,45709
Washington,1983,21,56603
West Virginia,1983,16,40630
Wisconsin,1983,17,52993
Wyoming,1983,14,58535
Alabama,1984,19,44615
Alaska,1984,17,84548
Arizona,1984,20,51397
Arkansas,1984,18,41099
California,1984,23,60255
Colorado,1984,19,53758
Connecticut,1984,14,53787
Delaware,1984,16,50394
District of Columbia,1984,15,69707
Florida,1984,18,45804
Georgia,1984,19,45308
Hawaii,1984,23,54139
Idaho,1984,21,44039
Illinois,1984,18,56007
Indiana,1984,19,50237
Iowa,1984,15,46019
Kansas,1984,15,46430
Kentucky,1984,20,44472
Louisiana,1984,19,42846
Maine,1984,16,40294
Maryland,1984,18,56851
Massachusetts,1984,15,54117
Michigan,1984,20,62520
Minnesota,1984,17,55947
Mississippi,1984,18,35004
Missouri,1984,17,44961
Montana,1984,16,47715
Nebraska,1984,15,43633
Nevada,1984,20,49506
New Hampshire,1984,16,40839
New Jersey,1984,15,54583
New Mexico,1984,19,47948
New York,1984,16,62022
North Carolina,1984,19,45752
North Dakota,1984,15,44165
Ohio,1984,18,50293
Oklahoma,1984,17,41810
Oregon,1984,18,53590
Pennsylvania,1984,17,53182
Rhode Island,1984,15,60878
South Carolina,1984,18,44281
South Dakota,1984,14,38206
Tennessee,1984,21,45008
Texas,1984,18,51141
Utah,1984,25,46537
Vermont,1984,14,41765
Virginia,1984,17,46761
Washington,1984,21,56068
West Virginia,1984,16,43005
Wisconsin,1984,16,54027
Wyoming,1984,14,58030
Alabama,1985,20,49651
Alaska,1985,16,84110
Arizona,1985,20,53070
Arkansas,1985,17,41972
California,1985,23,62639
Colorado,1985,18,55675
Connecticut,1985,14,57219
Delaware,1985,16,52949
District of Columbia,1985,14,71414
Florida,1985,18,47845
Georgia,1985,19,49556
Hawaii,1985,23,55576
Idaho,1985,20,45091
Illinois,1985,18,57836
Indiana,1985,19,52306
Iowa,1985,15,46583
Kansas,1985,15,48692
Kentucky,1985,19,45045
Louisiana,1985,19,43657
Maine,1985,14,42109
Maryland,1985,17,57629
Massachusetts,1985,15,56975
Michigan,1985,19,64653
Minnesota,1985,17,58833
Mississippi,1985,18,39720
Missouri,1985,17,47189
Montana,1985,16,48343
Nebraska,1985,15,45026
Nevada,1985,20,55069
New Hampshire,1985,16,43573
New Jersey,1985,15,58423
New Mexico,1985,19,47269
New York,1985,16,65563
North Carolina,1985,19,48038
North Dakota,1985,15,44762
Ohio,1985,18,52722
Oklahoma,1985,17,46056
Oregon,1985,18,55177
Pennsylvania,1985,17,55593
Rhode Island,1985,15,63369
South Carolina,1985,18,46435
South Dakota,1985,15,38911
Tennessee,1985,20,45983
Texas,1985,17,52603
Utah,1985,25,48497
Vermont,1985,14,44718
Virginia,1985,17,49662
Washington,1985,21,56357
West Virginia,1985,16,44354
Wisconsin,1985,17,56654
Wyoming,1985,14,58540
Alabama,1986,20,49714
Alaska,1986,17,85221
Arizona,1986,18,55654
Arkansas,1986,18,42652
California,1986,23,66898
Colorado,1986,18,58688
Connecticut,1986,14,61934
Delaware,1986,16,58858
District of Columbia,1986,14,72423
Florida,1986,17,51071
Georgia,1986,19,51857
Hawaii,1986,23,57461
Idaho,1986,20,46030
Illinois,1986,17,60512
Indiana,1986,18,48388
Iowa,1986,16,48388
Kansas,1986,15,50269
Kentucky,1986,19,48163
Louisiana,1986,19,45420
Maine,1986,15,45552
Maryland,1986,17,61915
Massachusetts,1986,14,61977
Michigan,1986,19,67313
Minnesota,1986,17,60729
Mississippi,1986,19,41672
Missouri,1986,16,50218
Montana,1986,16,49727
Nebraska,1986,15,46787
Nevada,1986,20,57772
New Hampshire,1986,16,46864
New Jersey,1986,15,61539
New Mexico,1986,19,51377
New York,1986,15,68573
North Carolina,1986,19,51171
North Dakota,1986,15,45609
Ohio,1986,18,56332
Oklahoma,1986,17,46003
Oregon,1986,18,57193
Pennsylvania,1986,16,58762
Rhode Island,1986,15,66598
South Carolina,1986,17,49717
South Dakota,1986,16,40246
Tennessee,1986,20,48488
Texas,1986,17,53365
Utah,1986,25,49191
Vermont,1986,14,46789
Virginia,1986,17,53656
Washington,1986,21,58469
West Virginia,1986,15,45956
Wisconsin,1986,16,59604
Wyoming,1986,14,60221
Alabama,1987,19,47113
Alaska,1987,17,81667
Arizona,1987,19,55329
Arkansas,1987,17,41091
California,1987,23,66990
Colorado,1987,18,57881
Connecticut,1987,13,67652
Delaware,1987,16,59745
District of Columbia,1987,14,70111
Florida,1987,17,50905
Georgia,1987,18,52909
Hawaii,1987,22,58152
Idaho,1987,21,44935
Illinois,1987,17,59926
Indiana,1987,18,54605
Iowa,1987,16,50187
Kansas,1987,15,49793
Kentucky,1987,18,48998
Louisiana,1987,18,42847
Maine,1987,15,47324
Maryland,1987,17,62492
Massachusetts,1987,14,61372
Michigan,1987,20,66973
Minnesota,1987,17,60406
Mississippi,1987,19,41542
Missouri,1987,16,49919
Montana,1987,16,48077
Nebraska,1987,15,45825
Nevada,1987,20,55758
New Hampshire,1987,16,48524
New Jersey,1987,14,62061
New Mexico,1987,19,49541
New York,1987,15,69699
North Carolina,1987,18,50304
North Dakota,1987,16,43757
Ohio,1987,18,55770
Oklahoma,1987,17,43698
Oregon,1987,18,56687
Pennsylvania,1987,16,58945
Rhode Island,1987,15,66380
South Carolina,1987,17,49956
South Dakota,1987,16,39916
Tennessee,1987,20,48052
Texas,1987,17,51633
Utah,1987,25,45566
Vermont,1987,14,49510
Virginia,1987,16,54927
Washington,1987,20,57005
West Virginia,1987,15,43911
Wisconsin,1987,16,58833
Wyoming,1987,14,54817
Alabama,1988,19,47697
Alaska,1988,17,80254
Arizona,1988,18,54778
Arkansas,1988,16,41123
California,1988,23,66666
Colorado,1988,18,56812
Connecticut,1988,13,71775
Delaware,1988,16,60708
District of Columbia,1988,14,71560
Florida,1988,17,51845
Georgia,1988,18,51743
Hawaii,1988,19,59158
Idaho,1988,21,43697
Illinois,1988,17,59863
Indiana,1988,18,56050
Iowa,1988,16,49546
Kansas,1988,15,52587
Kentucky,1988,18,47918
Louisiana,1988,18,43189
Maine,1988,15,47933
Maryland,1988,17,65149
Massachusetts,1988,14,61931
Michigan,1988,20,66638
Minnesota,1988,17,58931
Mississippi,1988,18,43396
Missouri,1988,16,49986
Montana,1988,16,46939
Nebraska,1988,15,45832
Nevada,1988,20,55432
New Hampshire,1988,16,51323
New Jersey,1988,14,63499
New Mexico,1988,19,46700
New York,1988,15,70451
North Carolina,1988,17,49470
North Dakota,1988,15,42763
Ohio,1988,18,57029
Oklahoma,1988,17,42998
Oregon,1988,18,56489
Pennsylvania,1988,16,60060
Rhode Island,1988,14,65797
South Carolina,1988,17,49249
South Dakota,1988,15,39460
Tennessee,1988,19,49241
Texas,1988,17,50986
Utah,1988,24,43923
Vermont,1988,14,52099
Virginia,1988,16,55676
Washington,1988,20,56123
West Virginia,1988,15,42102
Wisconsin,1988,16,59160
Wyoming,1988,15,53115
Alabama,1989,18,45178
Alaska,1989,17,78521
Arizona,1989,19,53500
Arkansas,1989,17,40672
California,1989,22,69141
Colorado,1989,18,55967
Connecticut,1989,13,73622
Delaware,1989,16,60732
District of Columbia,1989,13,69876
Florida,1989,17,52410
Georgia,1989,18,50959
Hawaii,1989,19,58312
Idaho,1989,20,43417
Illinois,1989,17,59672
Indiana,1989,18,56228
Iowa,1989,16,48669
Kansas,1989,15,52303
Kentucky,1989,18,47840
Louisiana,1989,18,44216
Maine,1989,14,48913
Maryland,1989,17,66086
Massachusetts,1989,14,63162
Michigan,1989,20,67455
Minnesota,1989,17,58573
Mississippi,1989,18,44202
Missouri,1989,16,49300
Montana,1989,16,45638
Nebraska,1989,15,46440
Nevada,1989,20,55661
New Hampshire,1989,16,52743
New Jersey,1989,14,64915
New Mexico,1989,18,45046
New York,1989,15,70828
North Carolina,1989,17,50736
North Dakota,1989,15,41880
Ohio,1989,17,56803
Oklahoma,1989,16,41978
Oregon,1989,18,56115
Pennsylvania,1989,16,60661
Rhode Island,1989,14,65608
South Carolina,1989,17,49524
South Dakota,1989,16,38757
Tennessee,1989,19,49223
Texas,1989,17,50031
Utah,1989,25,43099
Vermont,1989,14,52790
Virginia,1989,16,56294
Washington,1989,20,55420
West Virginia,1989,15,41562
Wisconsin,1989,16,58083
Wyoming,1989,15,51206
Alabama,1990,20,46261
Alaska,1990,17,74758
Arizona,1990,19,52973
Arkansas,1990,17,40646
California,1990,23,68165
Colorado,1990,18,54774
Connecticut,1990,13,75412
Delaware,1990,17,60674
District of Columbia,1990,14,67993
Florida,1990,17,52599
Georgia,1990,18,49880
Hawaii,1990,19,56018
Idaho,1990,20,43871
Illinois,1990,17,59571
Indiana,1990,17,56389
Iowa,1990,16,48162
Kansas,1990,15,51242
Kentucky,1990,17,50119
Louisiana,1990,17,45170
Maine,1990,14,49114
Maryland,1990,17,66073
Massachusetts,1990,15,62764
Michigan,1990,20,67909
Minnesota,1990,17,57025
Mississippi,1990,18,41945
Missouri,1990,16,48693
Montana,1990,16,46090
Nebraska,1990,15,45776
Nevada,1990,19,55446
New Hampshire,1990,16,53709
New Jersey,1990,14,66122
New Mexico,1990,18,44302
New York,1990,15,72439
North Carolina,1990,17,50397
North Dakota,1990,16,40582
Ohio,1990,17,56145
Oklahoma,1990,16,42100
Oregon,1990,18,55603
Pennsylvania,1990,17,62070
Rhode Island,1990,15,60245
South Carolina,1990,17,48718
South Dakota,1990,15,38519
Tennessee,1990,19,48627
Texas,1990,15,48754
Utah,1990,25,44031
Vermont,1990,13,53772
Virginia,1990,16,55350
Washington,1990,20,56943
West Virginia,1990,15,44701
Wisconsin,1990,16,57168
Wyoming,1990,14,49832
Alabama,1991,18,45189
Alaska,1991,17,74827
Arizona,1991,19,52233
Arkansas,1991,17,45355
California,1991,23,66887
Colorado,1991,18,55410
Connecticut,1991,14,78698
Delaware,1991,17,57884
District of Columbia,1991,13,65004
Florida,1991,18,52055
Georgia,1991,18,49211
Hawaii,1991,18,57850
Idaho,1991,19,44121
Illinois,1991,17,61088
Indiana,1991,18,56976
Iowa,1991,16,48927
Kansas,1991,15,51488
Kentucky,1991,17,51722
Louisiana,1991,17,43500
Maine,1991,14,50425
Maryland,1991,17,64886
Massachusetts,1991,15,63408
Michigan,1991,19,69515
Minnesota,1991,17,57721
Mississippi,1991,18,40826
Missouri,1991,16,48412
Montana,1991,16,46225
Nebraska,1991,15,45625
Nevada,1991,19,56726
New Hampshire,1991,15,55574
New Jersey,1991,14,68738
New Mexico,1991,18,43962
New York,1991,15,72605
North Carolina,1991,17,48237
North Dakota,1991,15,41040
Ohio,1991,17,55176
Oklahoma,1991,16,42455
Oregon,1991,19,57133
Pennsylvania,1991,17,64865
Rhode Island,1991,15,61015
South Carolina,1991,17,47026
South Dakota,1991,15,39023
Tennessee,1991,19,47953
Texas,1991,16,48656
Utah,1991,25,44130
Vermont,1991,14,56372
Virginia,1991,16,53219
Washington,1991,20,58344
West Virginia,1991,15,45851
Wisconsin,1991,16,59022
Wyoming,1991,16,50976
Alabama,1992,17,44507
Alaska,1992,16,77116
Arizona,1992,18,51772
Arkansas,1992,17,45300
California,1992,23,66109
Colorado,1992,18,55385
Connecticut,1992,14,79828
Delaware,1992,17,59804
District of Columbia,1992,12,63908
Florida,1992,18,51474
Georgia,1992,18,49907
Hawaii,1992,16,60223
Idaho,1992,19,44602
Illinois,1992,16,63792
Indiana,1992,17,57905
Iowa,1992,15,49754
Kansas,1992,15,54266
Kentucky,1992,17,51380
Louisiana,1992,16,43103
Maine,1992,14,49951
Maryland,1992,16,63993
Massachusetts,1992,15,64028
Michigan,1992,19,72492
Minnesota,1992,17,57948
Mississippi,1992,18,40236
Missouri,1992,16,48507
Montana,1992,16,45604
Nebraska,1992,14,47482
Nevada,1992,19,56340
New Hampshire,1992,15,56030
New Jersey,1992,13,70476
New Mexico,1992,16,43812
New York,1992,14,74306
North Carolina,1992,16,48407
North Dakota,1992,15,41631
Ohio,1992,17,57001
Oklahoma,1992,15,42799
Oregon,1992,19,59248
Pennsylvania,1992,17,68058
Rhode Island,1992,14,62638
South Carolina,1992,17,48257
South Dakota,1992,15,40108
Tennessee,1992,19,47821
Texas,1992,16,49432
Utah,1992,24,44979
Vermont,1992,13,57504
Virginia,1992,15,53266
Washington,1992,20,59049
West Virginia,1992,15,50036
Wisconsin,1992,15,59324
Wyoming,1992,17,49671
Alabama,1993,17,46245
Alaska,1993,17,76545
Arizona,1993,19,51233
Arkansas,1993,17,45268
California,1993,23,64868
Colorado,1993,18,54496
Connecticut,1993,14,80181
Delaware,1993,16,60366
District of Columbia,1993,12,68539
Florida,1993,18,51465
Georgia,1993,17,49480
Hawaii,1993,18,58908
Idaho,1993,19,44717
Illinois,1993,16,63455
Indiana,1993,17,57534
Iowa,1993,15,49557
Kansas,1993,15,54638
Kentucky,1993,17,50950
Louisiana,1993,16,42042
Maine,1993,14,49936
Maryland,1993,17,63561
Massachusetts,1993,15,62868
Michigan,1993,19,72265
Minnesota,1993,17,57095
Mississippi,1993,17,40523
Missouri,1993,15,48846
Montana,1993,16,45433
Nebraska,1993,14,47630
Nevada,1993,19,54704
New Hampshire,1993,15,54972
New Jersey,1993,13,72004
New Mexico,1993,17,43825
New York,1993,14,73742
North Carolina,1993,16,47893
North Dakota,1993,15,41092
Ohio,1993,17,57471
Oklahoma,1993,15,43514
Oregon,1993,19,60759
Pennsylvania,1993,17,68326
Rhode Island,1993,14,63252
South Carolina,1993,16,47634
South Dakota,1993,15,40694
Tennessee,1993,18,49161
Texas,1993,16,49185
Utah,1993,24,44636
Vermont,1993,14,55609
Virginia,1993,14,53180
Washington,1993,20,57778
West Virginia,1993,15,49217
Wisconsin,1993,16,57982
Wyoming,1993,15,49865
Alabama,1994,17,48983
Alaska,1994,17,75418
Arizona,1994,19,50606
Arkansas,1994,17,45507
California,1994,23,64608
Colorado,1994,18,54375
Connecticut,1994,14,78712
Delaware,1994,17,61459
District of Columbia,1994,12,68732
Florida,1994,19,51255
Georgia,1994,16,50788
Hawaii,1994,18,60582
Idaho,1994,19,46844
Illinois,1994,16,62019
Indiana,1994,17,57857
Iowa,1994,15,49560
Kansas,1994,15,54502
Kentucky,1994,16,50735
Louisiana,1994,16,41618
Maine,1994,14,50287
Maryland,1994,16,63952
Massachusetts,1994,14,64163
Michigan,1994,19,65894
Minnesota,1994,17,56539
Mississippi,1994,17,42181
Missouri,1994,15,49054
Montana,1994,16,45273
Nebraska,1994,14,48634
Nevada,1994,19,54791
New Hampshire,1994,15,54609
New Jersey,1994,13,72486
New Mexico,1994,17,44814
New York,1994,14,74885
North Carolina,1994,16,48432
North Dakota,1994,15,41407
Ohio,1994,16,57884
Oklahoma,1994,15,44309
Oregon,1994,20,60640
Pennsylvania,1994,17,70007
Rhode Island,1994,14,64059
South Carolina,1994,16,47624
South Dakota,1994,14,40883
Tennessee,1994,18,51081
Texas,1994,15,49108
Utah,1994,24,45742
Vermont,1994,13,55687
Virginia,1994,14,53455
Washington,1994,20,56859
West Virginia,1994,14,50243
Wisconsin,1994,16,59368
Wyoming,1994,15,49205
Alabama,1995,17,47786
Alaska,1995,17,75725
Arizona,1995,19,49574
Arkansas,1995,17,44749
California,1995,23,64491
Colorado,1995,18,53969
Connecticut,1995,14,76693
Delaware,1995,17,61857
District of Columbia,1995,13,66689
Florida,1995,18,50864
Georgia,1995,16,51890
Hawaii,1995,18,54645
Idaho,1995,19,47143
Illinois,1995,16,62447
Indiana,1995,17,57495
Iowa,1995,15,49402
Kansas,1995,15,53618
Kentucky,1995,16,50483
Louisiana,1995,16,40899
Maine,1995,14,50161
Maryland,1995,16,62814
Massachusetts,1995,14,64498
Michigan,1995,19,68363
Minnesota,1995,18,56369
Mississippi,1995,17,42261
Missouri,1995,15,50881
Montana,1995,16,44813
Nebraska,1995,14,48066
Nevada,1995,19,55194
New Hampshire,1995,16,54622
New Jersey,1995,13,73115
New Mexico,1995,16,44369
New York,1995,14,73427
North Carolina,1995,16,46410
North Dakota,1995,16,41157
Ohio,1995,17,57739
Oklahoma,1995,15,43347
Oregon,1995,20,60595
Pennsylvania,1995,17,70333
Rhode Island,1995,14,64339
South Carolina,1995,16,48257
South Dakota,1995,15,40206
Tennessee,1995,16,50554
Texas,1995,15,48835
Utah,1995,23,46680
Vermont,1995,13,55389
Virginia,1995,14,53096
Washington,1995,20,57767
West Virginia,1995,14,49071
Wisconsin,1995,15,58270
Wyoming,1995,15,48181
Alabama,1996,16,48336
Alaska,1996,17,75212
Arizona,1996,19,49525
Arkansas,1996,17,44514
California,1996,22,64560
Colorado,1996,18,53721
Connecticut,1996,14,74884
Delaware,1996,17,61533
District of Columbia,1996,13,66844
Florida,1996,18,50314
Georgia,1996,16,53523
Hawaii,1996,18,53226
Idaho,1996,19,47250
Illinois,1996,16,63379
Indiana,1996,17,57285
Iowa,1996,15,49414
Kansas,1996,15,53219
Kentucky,1996,16,50417
Louisiana,1996,16,42096
Maine,1996,13,50194
Maryland,1996,16,61106
Massachusetts,1996,14,65053
Michigan,1996,19,65714
Minnesota,1996,17,56394
Mississippi,1996,17,41165
Missouri,1996,15,50999
Montana,1996,16,44476
Nebraska,1996,14,47176
Nevada,1996,19,55451
New Hampshire,1996,15,54748
New Jersey,1996,13,73284
New Mexico,1996,16,44127
New York,1996,14,73598
North Carolina,1996,16,46370
North Dakota,1996,15,41151
Ohio,1996,17,57665
Oklahoma,1996,16,43467
Oregon,1996,20,60737
Pennsylvania,1996,17,70433
Rhode Island,1996,14,63884
South Carolina,1996,16,48499
South Dakota,1996,15,39745
Tennessee,1996,16,50177
Texas,1996,15,48477
Utah,1996,24,47149
Vermont,1996,13,55243
Virginia,1996,14,53219
Washington,1996,20,56223
West Virginia,1996,14,49242
Wisconsin,1996,16,57842
Wyoming,1996,15,47106
Alabama,1997,16,47642
Alaska,1997,17,69103
Arizona,1997,20,49955
Arkansas,1997,17,45863
California,1997,21,64725
Colorado,1997,18,54062
Connecticut,1997,14,73645
Delaware,1997,16,61609
District of Columbia,1997,16,67287
Florida,1997,18,50048
Georgia,1997,16,54539
Hawaii,1997,18,55712
Idaho,1997,18,47666
Illinois,1997,16,63425
Indiana,1997,17,57706
Iowa,1997,15,49480
Kansas,1997,15,53439
Kentucky,1997,16,50248
Louisiana,1997,15,43682
Maine,1997,13,49865
Maryland,1997,17,60593
Massachusetts,1997,14,63774
Michigan,1997,18,68956
Minnesota,1997,16,55066
Mississippi,1997,17,41653
Missouri,1997,15,49280
Montana,1997,16,44451
Nebraska,1997,14,47425
Nevada,1997,18,53850
New Hampshire,1997,15,53224
New Jersey,1997,13,73227
New Mexico,1997,17,43772
New York,1997,14,70716
North Carolina,1997,16,48094
North Dakota,1997,15,40982
Ohio,1997,16,56595
Oklahoma,1997,15,44556
Oregon,1997,20,61262
Pennsylvania,1997,17,69017
Rhode Island,1997,14,64311
South Carolina,1997,15,48918
South Dakota,1997,15,40467
Tennessee,1997,16,51304
Texas,1997,15,49551
Utah,1997,22,47027
Vermont,1997,13,52696
Virginia,1997,14,53211
Washington,1997,20,56276
West Virginia,1997,14,48483
Wisconsin,1997,15,57135
Wyoming,1997,14,46487
Alabama,1998,15,51203
Alaska,1998,16,66962
Arizona,1998,20,50066
Arkansas,1998,16,46243
California,1998,20,64897
Colorado,1998,17,54355
Connecticut,1998,14,73737
Delaware,1998,16,61701
District of Columbia,1998,12,67398
Florida,1998,18,50311
Georgia,1998,15,56713
Hawaii,1998,18,57717
Idaho,1998,18,48691
Illinois,1998,16,65139
Indiana,1998,17,58840
Iowa,1998,15,49926
Kansas,1998,14,53468
Kentucky,1998,15,50783
Louisiana,1998,15,46471
Maine,1998,13,49896
Maryland,1998,16,60789
Massachusetts,1998,13,64432
Michigan,1998,17,68909
Minnesota,1998,16,56403
Mississippi,1998,16,42212
Missouri,1998,14,49668
Montana,1998,16,44822
Nebraska,1998,14,47000
Nevada,1998,19,55581
New Hampshire,1998,15,53468
New Jersey,1998,13,73178
New Mexico,1998,16,46311
New York,1998,14,70668
North Carolina,1998,16,51600
North Dakota,1998,14,41420
Ohio,1998,16,57987
Oklahoma,1998,15,44526
Oregon,1998,20,61228
Pennsylvania,1998,16,69267
Rhode Island,1998,14,65254
South Carolina,1998,15,49325
South Dakota,1998,14,40814
Tennessee,1998,15,52175
Texas,1998,15,50089
Utah,1998,22,47100
Vermont,1998,12,52604
Virginia,1998,14,53569
Washington,1998,20,55308
West Virginia,1998,14,48950
Wisconsin,1998,14,58117
Wyoming,1998,14,47887
Alabama,1999,15,51312
Alaska,1999,17,64980
Arizona,1999,19,51610
Arkansas,1999,14,46692
California,1999,20,66683
Colorado,1999,17,53373
Connecticut,1999,14,72417
Delaware,1999,15,62145
District of Columbia,1999,14,65839
Florida,1999,18,51358
Georgia,1999,15,57373
Hawaii,1999,17,56751
Idaho,1999,18,49715
Illinois,1999,16,65013
Indiana,1999,17,58530
Iowa,1999,14,49898
Kansas,1999,14,48923
Kentucky,1999,15,50880
Louisiana,1999,15,46305
Maine,1999,13,49734
Maryland,1999,16,61604
Massachusetts,1999,12,65145
Michigan,1999,17,68591
Minnesota,1999,15,55665
Mississippi,1999,16,44554
Missouri,1999,14,49867
Montana,1999,15,44923
Nebraska,1999,14,46484
Nevada,1999,19,55089
New Hampshire,1999,15,52773
New Jersey,1999,12,72746
New Mexico,1999,16,45529
New York,1999,13,71355
North Carolina,1999,15,55109
North Dakota,1999,14,41765
Ohio,1999,16,57951
Oklahoma,1999,15,43772
Oregon,1999,19,59209
Pennsylvania,1999,16,67580
Rhode Island,1999,14,65790
South Carolina,1999,14,50461
South Dakota,1999,14,40658
Tennessee,1999,15,50807
Texas,1999,14,52540
Utah,1999,21,48874
Vermont,1999,12,52807
Virginia,1999,13,54186
Washington,1999,20,57401
West Virginia,1999,14,48962
Wisconsin,1999,14,57555
Wyoming,1999,13,47729
Alabama,2000,15,50157
Alaska,2000,17,65114
Arizona,2000,20,50290
Arkansas,2000,14,46872
California,2000,20,71010
Colorado,2000,17,53019
Connecticut,2000,13,71298
Delaware,2000,15,63658
District of Columbia,2000,12,65900
Florida,2000,18,51728
Georgia,2000,16,57122
Hawaii,2000,17,54193
Idaho,2000,18,50673
Illinois,2000,16,64741
Indiana,2000,17,58603
Iowa,2000,14,49359
Kansas,2000,14,48577
Kentucky,2000,16,49508
Louisiana,2000,14,45484
Maine,2000,12,49215
Maryland,2000,16,62192
Massachusetts,2000,14,65826
Michigan,2000,17,69436
Minnesota,2000,16,57116
Mississippi,2000,16,43236
Missouri,2000,14,49678
Montana,2000,15,44988
Nebraska,2000,13,46241
Nevada,2000,18,54723
New Hampshire,2000,14,51824
New Jersey,2000,12,70723
New Mexico,2000,15,45714
New York,2000,13,69684
North Carolina,2000,15,56126
North Dakota,2000,13,41798
Ohio,2000,15,57863
Oklahoma,2000,14,46680
Oregon,2000,19,60874
Pennsylvania,2000,15,67015
Rhode Island,2000,14,65589
South Carolina,2000,15,51333
South Dakota,2000,14,40951
Tennessee,2000,15,50647
Texas,2000,14,51905
Utah,2000,21,49308
Vermont,2000,12,51759
Virginia,2000,13,54360
Washington,2000,20,57015
West Virginia,2000,13,48559
Wisconsin,2000,14,56994
Wyoming,2000,13,46922
Alabama,2001,16,48934
Alaska,2001,17,65016
Arizona,2001,20,52590
Arkansas,2001,14,48629
California,2001,20,71502
Colorado,2001,16,53493
Connecticut,2001,13,70454
Delaware,2001,15,63628
District of Columbia,2001,12,61900
Florida,2001,18,51672
Georgia,2001,15,57984
Hawaii,2001,17,56066
Idaho,2001,18,52088
Illinois,2001,16,65039
Indiana,2001,17,58145
Iowa,2001,14,50297
Kansas,2001,14,48801
Kentucky,2001,15,49930
Louisiana,2001,14,47795
Maine,2001,12,49073
Maryland,2001,16,63481
Massachusetts,2001,14,66168
Michigan,2001,17,69303
Minnesota,2001,16,55512
Mississippi,2001,15,43804
Missouri,2001,14,49989
Montana,2001,15,45230
Nebraska,2001,13,47674
Nevada,2001,18,53631
New Hampshire,2001,14,52514
New Jersey,2001,12,69982
New Mexico,2001,15,47942
New York,2001,13,68413
North Carolina,2001,15,56152
North Dakota,2001,13,42433
Ohio,2001,15,57926
Oklahoma,2001,14,45711
Oregon,2001,19,60626
Pennsylvania,2001,15,66570
Rhode Island,2001,14,65464
South Carolina,2001,14,52524
South Dakota,2001,13,41173
Tennessee,2001,15,50672
Texas,2001,14,51615
Utah,2001,21,49223
Vermont,2001,12,51626
Virginia,2001,13,54903
Washington,2001,19,57183
West Virginia,2001,14,48351
Wisconsin,2001,14,55562
Wyoming,2001,13,49780
Alabama,2002,15,49535
Alaska,2002,16,64350
Arizona,2002,20,52964
Arkansas,2002,15,48896
California,2002,20,72896
Colorado,2002,16,53458
Connecticut,2002,13,70408
Delaware,2002,15,65758
District of Columbia,2002,13,65746
Florida,2002,18,51114
Georgia,2002,15,58973
Hawaii,2002,17,57588
Idaho,2002,18,51998
Illinois,2002,15,66428
Indiana,2002,17,58408
Iowa,2002,14,50409
Kansas,2002,14,49376
Kentucky,2002,15,50487
Louisiana,2002,14,47763
Maine,2002,12,49373
Maryland,2002,15,64340
Massachusetts,2002,13,67404
Michigan,2002,19,70031
Minnesota,2002,16,55476
Mississippi,2002,15,44754
Missouri,2002,13,50286
Montana,2002,14,46307
Nebraska,2002,13,49082
Nevada,2002,18,54131
New Hampshire,2002,14,52479
New Jersey,2002,12,70154
New Mexico,2002,15,47516
New York,2002,13,68126
North Carolina,2002,15,55790
North Dakota,2002,13,43012
Ohio,2002,14,58868
Oklahoma,2002,15,45142
Oregon,2002,20,61650
Pennsylvania,2002,15,67089
Rhode Island,2002,14,66152
South Carolina,2002,14,53463
South Dakota,2002,14,41984
Tennessee,2002,15,51388
Texas,2002,14,51808
Utah,2002,21,49751
Vermont,2002,11,53883
Virginia,2002,12,55889
Washington,2002,19,58216
West Virginia,2002,14,49874
Wisconsin,2002,14,55525
Wyoming,2002,13,49056
Alabama,2003,13,48531
Alaska,2003,17,65514
Arizona,2003,21,52986
Arkansas,2003,15,49783
California,2003,21,71475
Colorado,2003,16,54855
Connecticut,2003,13,72606
Delaware,2003,15,62512
District of Columbia,2003,12,72191
Florida,2003,18,51417
Georgia,2003,15,58235
Hawaii,2003,16,57590
Idaho,2003,18,52020
Illinois,2003,16,68672
Indiana,2003,17,57985
Iowa,2003,14,49933
Kansas,2003,14,48908
Kentucky,2003,15,50956
Louisiana,2003,14,48016
Maine,2003,11,50480
Maryland,2003,15,63646
Massachusetts,2003,13,67343
Michigan,2003,17,68902
Minnesota,2003,16,57459
Mississippi,2003,15,45187
Missouri,2003,14,48127
Montana,2003,14,47086
Nebraska,2003,13,48565
Nevada,2003,19,53506
New Hampshire,2003,14,54057
New Jersey,2003,12,70396
New Mexico,2003,15,48204
New York,2003,12,69876
North Carolina,2003,15,54718
North Dakota,2003,13,44879
Ohio,2003,15,60127
Oklahoma,2003,15,44398
Oregon,2003,21,62263
Pennsylvania,2003,15,65639
Rhode Island,2003,13,66178
South Carolina,2003,15,52124
South Dakota,2003,13,42087
Tennessee,2003,15,51055
Texas,2003,14,51255
Utah,2003,21,49355
Vermont,2003,11,53194
Virginia,2003,13,55281
Washington,2003,19,57533
West Virginia,2003,14,48703
Wisconsin,2003,15,54302
Wyoming,2003,13,50060
Alabama,2004,14,47101
Alaska,2004,17,64663
Arizona,2004,21,52921
Arkansas,2004,15,49949
California,2004,20,71388
Colorado,2004,16,54209
Connecticut,2004,15,71216
Delaware,2004,15,62407
District of Columbia,2004,12,72103
Florida,2004,17,51299
Georgia,2004,14,57388
Hawaii,2004,16,56923
Idaho,2004,18,51956
Illinois,2004,15,68359
Indiana,2004,17,57458
Iowa,2004,14,48455
Kansas,2004,14,48530
Kentucky,2004,15,49982
Louisiana,2004,14,48132
Maine,2004,12,48857
Maryland,2004,15,64548
Massachusetts,2004,13,67444
Michigan,2004,17,70274
Minnesota,2004,16,57857
Mississippi,2004,15,45132
Missouri,2004,14,48187
Montana,2004,14,47470
Nebraska,2004,13,48667
Nevada,2004,19,53525
New Hampshire,2004,13,54199
New Jersey,2004,11,69915
New Mexico,2004,15,48587
New York,2004,12,69320
North Carolina,2004,15,53468
North Dakota,2004,12,45262
Ohio,2004,15,60059
Oklahoma,2004,15,46722
Oregon,2004,20,59613
Pennsylvania,2004,15,65691
Rhode Island,2004,13,65957
South Carolina,2004,15,52038
South Dakota,2004,13,41987
Tennessee,2004,15,51899
Texas,2004,14,50585
Utah,2004,22,48667
Vermont,2004,11,54932
Virginia,2004,13,52752
Washington,2004,19,56391
West Virginia,2004,14,47315
Wisconsin,2004,14,54641
Wyoming,2004,13,49951
Alabama,2005,13,48135
Alaska,2005,17,63891
Arizona,2005,21,53295
Arkansas,2005,14,50218
California,2005,20,70801
Colorado,2005,17,54422
Connecticut,2005,14,70984
Delaware,2005,15,64739
District of Columbia,2005,12,73008
Florida,2005,17,51661
Georgia,2005,14,57624
Hawaii,2005,16,61559
Idaho,2005,18,51766
Illinois,2005,15,68980
Indiana,2005,17,56377
Iowa,2005,14,48768
Kansas,2005,13,49355
Kentucky,2005,15,49992
Louisiana,2005,14,48023
Maine,2005,12,48601
Maryland,2005,15,65004
Massachusetts,2005,13,67510
Michigan,2005,17,69771
Minnesota,2005,16,57849
Mississippi,2005,15,45245
Missouri,2005,13,47628
Montana,2005,14,47521
Nebraska,2005,13,48946
Nevada,2005,19,53002
New Hampshire,2005,13,54000
New Jersey,2005,12,68847
New Mexico,2005,15,49674
New York,2005,12,68425
North Carolina,2005,15,52401
North Dakota,2005,12,45065
Ohio,2005,15,60026
Oklahoma,2005,14,46256
Oregon,2005,19,58436
Pennsylvania,2005,15,64456
Rhode Island,2005,11,65295
South Carolina,2005,14,51589
South Dakota,2005,13,41409
Tennessee,2005,16,50748
Texas,2005,14,49802
Utah,2005,22,48098
Vermont,2005,10,55622
Virginia,2005,11,52282
Washington,2005,19,55269
West Virginia,2005,14,45674
Wisconsin,2005,14,55345
Wyoming,2005,13,51569
Alabama,2006,13,50147
Alaska,2006,17,63171
Arizona,2006,20,53096
Arkansas,2006,13,51136
California,2006,20,73552
Colorado,2006,16,52972
Connecticut,2006,14,70295
Delaware,2006,15,63197
District of Columbia,2006,12,68189
Florida,2006,16,52365
Georgia,2006,14,57678
Hawaii,2006,16,60009
Idaho,2006,18,49464
Illinois,2006,14,67318
Indiana,2006,17,55281
Iowa,2006,13,49848
Kansas,2006,13,50083
Kentucky,2006,15,50444
Louisiana,2006,14,49485
Maine,2006,11,48075
Maryland,2006,14,65794
Massachusetts,2006,13,67755
Michigan,2006,17,63445
Minnesota,2006,16,57365
Mississippi,2006,15,46441
Missouri,2006,13,48356
Montana,2006,14,47646
Nebraska,2006,13,48593
Nevada,2006,18,52404
New Hampshire,2006,13,53774
New Jersey,2006,12,69253
New Mexico,2006,15,49443
New York,2006,12,67654
North Carolina,2006,13,53639
North Dakota,2006,12,44869
Ohio,2006,16,60026
Oklahoma,2006,14,48980
Oregon,2006,19,58841
Pennsylvania,2006,15,63532
Rhode Island,2006,13,64671
South Carolina,2006,14,51007
South Dakota,2006,13,40888
Tennessee,2006,15,50641
Texas,2006,14,51890
Utah,2006,22,46884
Vermont,2006,10,55904
Virginia,2006,15,51693
Washington,2006,19,55340
West Virginia,2006,14,46844
Wisconsin,2006,14,55362
Wyoming,2006,13,58587
Alabama,2007,15,52382
Alaska,2007,17,63795
Arizona,2007,20,51447
Arkansas,2007,14,51448
California,2007,21,72411
Colorado,2007,16,53106
Connecticut,2007,14,69659
Delaware,2007,15,62936
District of Columbia,2007,10,68144
Florida,2007,14,52748
Georgia,2007,14,57952
Hawaii,2007,16,60020
Idaho,2007,18,49566
Illinois,2007,15,67971
Indiana,2007,17,54522
Iowa,2007,13,52449
Kansas,2007,13,50732
Kentucky,2007,15,53059
Louisiana,2007,13,52786
Maine,2007,12,48777
Maryland,2007,14,67516
Massachusetts,2007,13,67968
Michigan,2007,17,63050
Minnesota,2007,16,56853
Mississippi,2007,14,47660
Missouri,2007,13,48562
Montana,2007,14,48189
Nebraska,2007,13,48202
Nevada,2007,18,53625
New Hampshire,2007,13,53511
New Jersey,2007,12,68874
New Mexico,2007,15,50705
New York,2007,12,70060
North Carolina,2007,14,53225
North Dakota,2007,12,45273
Ohio,2007,16,60032
Oklahoma,2007,13,48950
Oregon,2007,19,58234
Pennsylvania,2007,13,62755
Rhode Island,2007,13,64255
South Carolina,2007,15,51431
South Dakota,2007,13,41221
Tennessee,2007,14,50613
Texas,2007,14,51904
Utah,2007,23,46774
Vermont,2007,10,52369
Virginia,2007,17,52598
Washington,2007,19,56068
West Virginia,2007,13,47802
Wisconsin,2007,14,55132
Wyoming,2007,12,59654
Alabama,2008,15,50733
Alaska,2008,16,63196
Arizona,2008,20,50169
Arkansas,2008,13,51375
California,2008,21,73691
Colorado,2008,16,52473
Connecticut,2008,11,68344
Delaware,2008,15,61326
District of Columbia,2008,12,67700
Florida,2008,14,50778
Georgia,2008,14,57226
Hawaii,2008,16,60315
Idaho,2008,18,48892
Illinois,2008,15,66387
Indiana,2008,17,53644
Iowa,2008,13,52637
Kansas,2008,13,50216
Kentucky,2008,15,51811
Louisiana,2008,13,52625
Maine,2008,12,48408
Maryland,2008,14,68016
Massachusetts,2008,13,72196
Michigan,2008,17,62040
Minnesota,2008,15,56208
Mississippi,2008,14,48156
Missouri,2008,13,47887
Montana,2008,13,48078
Nebraska,2008,13,48653
Nevada,2008,20,54183
New Hampshire,2008,12,53972
New Jersey,2008,11,68299
New Mexico,2008,14,49513
New York,2008,12,74800
North Carolina,2008,13,52647
North Dakota,2008,11,45078
Ohio,2008,16,59149
Oklahoma,2008,13,47451
Oregon,2008,19,58531
Pennsylvania,2008,14,61943
Rhode Island,2008,13,63209
South Carolina,2008,14,51320
South Dakota,2008,13,37953
Tennessee,2008,15,49294
Texas,2008,14,51034
Utah,2008,23,45815
Vermont,2008,10,51821
Virginia,2008,17,52341
Washington,2008,19,56889
West Virginia,2008,13,48376
Wisconsin,2008,14,55324
Wyoming,2008,12,59091
Alabama,2009,16,51674
Alaska,2009,16,64819
Arizona,2009,21,51001
Arkansas,2009,13,50728
California,2009,20,74085
Colorado,2009,16,53446
Connecticut,2009,13,69900
Delaware,2009,15,62003
District of Columbia,2009,10,70115
Florida,2009,14,50736
Georgia,2009,14,57693
Hawaii,2009,16,59812
Idaho,2009,18,50275
Illinois,2009,15,67431
Indiana,2009,17,54297
Iowa,2009,13,53906
Kansas,2009,13,50681
Kentucky,2009,16,53816
Louisiana,2009,13,53121
Maine,2009,11,50083
Maryland,2009,14,69488
Massachusetts,2009,13,75248
Michigan,2009,17,62957
Minnesota,2009,16,56953
Mississippi,2009,15,49581
Missouri,2009,13,49225
Montana,2009,13,49706
Nebraska,2009,13,50214
Nevada,2009,19,55968
New Hampshire,2009,13,55880
New Jersey,2009,11,70747
New Mexico,2009,14,50248
New York,2009,12,77811
North Carolina,2009,14,50891
North Dakota,2009,11,46670
Ohio,2009,16,60784
Oklahoma,2009,14,51804
Oregon,2009,20,59987
Pennsylvania,2009,13,64258
Rhode Island,2009,13,64834
South Carolina,2009,15,51605
South Dakota,2009,13,42187
Tennessee,2009,15,50282
Texas,2009,14,52423
Utah,2009,22,49842
Vermont,2009,10,53317
Virginia,2009,17,54329
Washington,2009,19,57574
West Virginia,2009,13,49923
Wisconsin,2009,14,55685
Wyoming,2009,12,60679
Alabama,2010,15,51580
Alaska,2010,16,65267
Arizona,2010,21,50802
Arkansas,2010,14,50959
California,2010,24,74178
Colorado,2010,17,53350
Connecticut,2010,13,70051
Delaware,2010,14,61892
District of Columbia,2010,10,71151
Florida,2010,15,49893
Georgia,2010,15,57589
Hawaii,2010,16,58825
Idaho,2010,17,50655
Illinois,2010,15,67309
Indiana,2010,18,53851
Iowa,2010,14,54093
Kansas,2010,13,50296
Kentucky,2010,15,53456
Louisiana,2010,14,53025
Maine,2010,12,50405
Maryland,2010,14,69561
Massachusetts,2010,13,75869
Michigan,2010,18,62598
Minnesota,2010,16,56851
Mississippi,2010,15,50016
Missouri,2010,13,49582
Montana,2010,14,50352
Nebraska,2010,13,50768
Nevada,2010,20,56645
New Hampshire,2010,12,56399
New Jersey,2010,12,71561
New Mexico,2010,15,50157
New York,2010,13,77675
North Carolina,2010,15,50051
North Dakota,2010,11,47290
Ohio,2010,16,61205
Oklahoma,2010,15,52389
Oregon,2010,20,60239
Pennsylvania,2010,14,64672
Rhode Island,2010,13,65085
South Carolina,2010,16,52811
South Dakota,2010,13,37606
Tennessee,2010,14,50257
Texas,2010,14,51558
Utah,2010,22,49753
Vermont,2010,10,53566
Virginia,2010,17,55081
Washington,2010,19,57471
West Virginia,2010,13,50481
Wisconsin,2010,14,55586
Wyoming,2010,12,60871
Alabama,2011,15,49732
Alaska,2011,16,64673
Arizona,2011,21,50445
Arkansas,2011,14,47982
California,2011,23,70999
Colorado,2011,17,50816
Connecticut,2011,12,71967
Delaware,2011,15,60918
District of Columbia,2011,10,71195
Florida,2011,15,48153
Georgia,2011,15,54845
Hawaii,2011,16,56128
Idaho,2011,17,56017
Illinois,2011,15,50300
Indiana,2011,17,59712
Iowa,2011,14,52335
Kansas,2011,12,52049
Kentucky,2011,16,48401
Louisiana,2011,14,51521
Maine,2011,12,51986
Maryland,2011,14,49043
Massachusetts,2011,13,65926
Michigan,2011,18,74304
Minnesota,2011,16,63777
Mississippi,2011,15,56938
Missouri,2011,13,43146
Montana,2011,14,48077
Nebraska,2011,13,50294
Nevada,2011,21,49888
New Hampshire,2011,13,56524
New Jersey,2011,12,69494
New Mexico,2011,15,47265
New York,2011,13,76042
North Carolina,2011,15,47602
North Dakota,2011,11,47717
Ohio,2011,16,58758
Oklahoma,2011,15,45990
Oregon,2011,21,59413
Pennsylvania,2011,14,64165
Rhode Island,2011,12,64426
South Carolina,2011,15,49136
South Dakota,2011,14,40202
Tennessee,2011,15,48778
Texas,2011,15,50115
Utah,2011,23,49893
Vermont,2011,10,53154
Virginia,2011,13,50457
Washington,2011,19,54113
West Virginia,2011,13,46952
Wisconsin,2011,15,55729
Wyoming,2011,11,59283
Alabama,2012,14,48659
Alaska,2012,17,66437
Arizona,2012,22,50624
Arkansas,2012,14,47322
California,2012,23,70351
Colorado,2012,17,50582
Connecticut,2012,12,70425
Delaware,2012,14,60563
District of Columbia,2012,11,71956
Florida,2012,15,47288
Georgia,2012,15,53663
Hawaii,2012,16,55104
Idaho,2012,19,50470
Illinois,2012,15,59988
Indiana,2012,17,50806
Iowa,2012,13,51700
Kansas,2012,11,48167
Kentucky,2012,15,50946
Louisiana,2012,15,52142
Maine,2012,12,49147
Maryland,2012,14,65199
Massachusetts,2012,13,73405
Michigan,2012,18,62472
Minnesota,2012,16,57101
Mississippi,2012,15,42433
Missouri,2012,13,48221
Montana,2012,14,49578
Nebraska,2012,13,49723
Nevada,2012,21,56786
New Hampshire,2012,12,56422
New Jersey,2012,12,69816
New Mexico,2012,15,46126
New York,2012,13,76394
North Carolina,2012,15,46414
North Dakota,2012,11,48045
Ohio,2012,16,57141
Oklahoma,2012,15,45030
Oregon,2012,21,58465
Pennsylvania,2012,14,63927
Rhode Island,2012,14,64414
South Carolina,2012,15,49091
South Dakota,2012,14,39596
Tennessee,2012,15,48267
Texas,2012,15,49542
Utah,2012,23,50124
Vermont,2012,10,53304
Virginia,2012,14,49391
Washington,2012,19,53008
West Virginia,2012,13,46126
Wisconsin,2012,14,54594
Wyoming,2012,12,57616